case_id,matched,llm_rank,orig_rank_cand,orig_rank_full,doc_name
Case14017,1,1,1,1,BCBS_FEP_204102 Whole Exome and.pdf
Case1778,0,5,6,6,Cigna_MOL.TS_.235.C_Whole_Exome_Sequencing_Cigna_eff01.01.2025_pub09.20.2024.pdf
Case4604,1,1,1,1,BCBS_FEP_204102 Whole Exome and.pdf
Case3422,0,,,205,Cigna_MOL.TS_.235.C_Whole_Exome_Sequencing_Cigna_eff01.01.2025_pub09.20.2024.pdf
Case10917,1,1,6,6,United Healthcare_whole-exome-and-whole-genome-sequencing.pdf
Case18821,1,1,1,1,BCBS_FEP_204102 Whole Exome and.pdf
Case13,1,1,1,1,BCBS_FEP_204102 Whole Exome and.pdf
Case8621,1,1,4,4,United Healthcare_whole-exome-and-whole-genome-sequencing.pdf
Case8051,1,1,1,1,BCBS_FEP_204102 Whole Exome and.pdf
Case13517,1,1,6,6,United Healthcare_whole-exome-and-whole-genome-sequencing.pdf
Case3359,1,1,5,5,United Healthcare_whole-exome-and-whole-genome-sequencing.pdf
Case2496,1,1,5,5,United Healthcare_whole-exome-and-whole-genome-sequencing.pdf
Case8485,0,,,63,Cigna_MOL.TS_.235.C_Whole_Exome_Sequencing_Cigna_eff01.01.2025_pub09.20.2024.pdf
Case5674,1,1,2,2,BCBS_FEP_204102 Whole Exome and.pdf
Case3494,0,,,56,Cigna_MOL.TS_.235.C_Whole_Exome_Sequencing_Cigna_eff01.01.2025_pub09.20.2024.pdf
Case7297,1,1,4,4,United Healthcare_whole-exome-and-whole-genome-sequencing.pdf
Case9978,1,1,8,8,United Healthcare_whole-exome-and-whole-genome-sequencing.pdf
Case4196,1,1,1,1,BCBS_FEP_204102 Whole Exome and.pdf
Case14141,1,1,1,1,BCBS_FEP_204102 Whole Exome and.pdf
Case18882,1,1,5,5,United Healthcare_whole-exome-and-whole-genome-sequencing.pdf
Case5230,1,1,5,5,United Healthcare_whole-exome-and-whole-genome-sequencing.pdf
Case11124,1,1,5,5,United Healthcare_whole-exome-and-whole-genome-sequencing.pdf
Case8288,0,,,22,United Healthcare_whole-exome-and-whole-genome-sequencing.pdf
Case7376,1,1,6,6,United Healthcare_whole-exome-and-whole-genome-sequencing.pdf
Case7682,1,1,4,4,United Healthcare_whole-exome-and-whole-genome-sequencing.pdf
Case19905,1,1,5,5,United Healthcare_whole-exome-and-whole-genome-sequencing.pdf
Case2847,1,1,1,1,BCBS_FEP_204102 Whole Exome and.pdf
Case10529,0,,,21,United Healthcare_whole-exome-and-whole-genome-sequencing.pdf
Case16487,1,1,8,7,United Healthcare_whole-exome-and-whole-genome-sequencing.pdf
Case811,1,1,1,1,BCBS_FEP_204102 Whole Exome and.pdf
Case9408,1,1,1,1,BCBS_FEP_204102 Whole Exome and.pdf
Case4067,1,1,4,4,United Healthcare_whole-exome-and-whole-genome-sequencing.pdf
Case4982,1,1,4,4,United Healthcare_whole-exome-and-whole-genome-sequencing.pdf
Case8710,1,1,4,4,United Healthcare_whole-exome-and-whole-genome-sequencing.pdf
Case13613,0,,,14,United Healthcare_whole-exome-and-whole-genome-sequencing.pdf
Case1501,1,1,4,4,United Healthcare_whole-exome-and-whole-genome-sequencing.pdf
Case10451,1,1,3,3,United Healthcare_whole-exome-and-whole-genome-sequencing.pdf
Case4262,1,1,1,1,BCBS_FEP_204102 Whole Exome and.pdf
Case19321,1,1,4,4,United Healthcare_whole-exome-and-whole-genome-sequencing.pdf
Case11795,1,1,1,1,BCBS_FEP_204102 Whole Exome and.pdf
Case9349,1,1,1,1,BCBS_FEP_204102 Whole Exome and.pdf
Case14127,1,1,4,4,United Healthcare_whole-exome-and-whole-genome-sequencing.pdf
Case950,1,1,4,4,United Healthcare_whole-exome-and-whole-genome-sequencing.pdf
Case15834,1,1,5,5,United Healthcare_whole-exome-and-whole-genome-sequencing.pdf
Case14371,1,1,5,5,United Healthcare_whole-exome-and-whole-genome-sequencing.pdf
Case1130,1,1,3,3,United Healthcare_whole-exome-and-whole-genome-sequencing.pdf
Case11514,1,1,9,9,United Healthcare_whole-exome-and-whole-genome-sequencing.pdf
Case13675,1,1,8,8,United Healthcare_whole-exome-and-whole-genome-sequencing.pdf
Case3474,1,1,3,3,United Healthcare_whole-exome-and-whole-genome-sequencing.pdf
Case13983,1,1,1,1,BCBS_FEP_204102 Whole Exome and.pdf
Case11981,1,1,8,8,United Healthcare_whole-exome-and-whole-genome-sequencing.pdf
Case10427,1,1,3,3,United Healthcare_whole-exome-and-whole-genome-sequencing.pdf
Case17822,1,1,4,4,United Healthcare_whole-exome-and-whole-genome-sequencing.pdf
Case6747,1,1,2,2,BCBS_FEP_204102 Whole Exome and.pdf
Case15938,1,1,5,5,United Healthcare_whole-exome-and-whole-genome-sequencing.pdf
Case18868,0,,,376,Cigna_MOL.TS_.306.C_Whole_Genome_Sequencing_Cigna_eff01.01.2025_pub09.10.2024.pdf
Case2162,1,1,2,2,BCBS_FEP_204102 Whole Exome and.pdf
Case7447,1,1,2,2,BCBS_FEP_204102 Whole Exome and.pdf
Case5380,1,1,4,4,United Healthcare_whole-exome-and-whole-genome-sequencing.pdf
Case3465,1,1,5,5,United Healthcare_whole-exome-and-whole-genome-sequencing.pdf
Case5885,1,1,8,8,United Healthcare_whole-exome-and-whole-genome-sequencing.pdf
Case19162,1,1,4,4,BCBS_FEP_204102 Whole Exome and.pdf
Case7604,0,,,12,United Healthcare_whole-exome-and-whole-genome-sequencing.pdf
Case8661,0,,,11,United Healthcare_whole-exome-and-whole-genome-sequencing.pdf
Case10850,1,1,3,3,United Healthcare_whole-exome-and-whole-genome-sequencing.pdf
Case13406,1,1,5,5,United Healthcare_whole-exome-and-whole-genome-sequencing.pdf
Case7014,1,1,4,4,United Healthcare_whole-exome-and-whole-genome-sequencing.pdf
Case6451,1,1,3,3,United Healthcare_whole-exome-and-whole-genome-sequencing.pdf
Case18281,1,1,6,6,United Healthcare_whole-exome-and-whole-genome-sequencing.pdf
Case10363,1,1,5,5,United Healthcare_whole-exome-and-whole-genome-sequencing.pdf
Case15557,1,1,4,4,United Healthcare_whole-exome-and-whole-genome-sequencing.pdf
Case4512,1,1,2,2,BCBS_FEP_204102 Whole Exome and.pdf
Case1428,1,1,5,5,United Healthcare_whole-exome-and-whole-genome-sequencing.pdf
Case5605,1,1,2,2,BCBS_FEP_204102 Whole Exome and.pdf
Case14155,0,,,37,Cigna_MOL.TS_.306.C_Whole_Genome_Sequencing_Cigna_eff01.01.2025_pub09.10.2024.pdf
Case3223,1,1,1,1,BCBS_FEP_20402 Germline Genetic Testing for.pdf
Case14195,1,1,1,1,BCBS_FEP_20402 Germline Genetic Testing for.pdf
Case22,1,1,1,1,BCBS_FEP_20402 Germline Genetic Testing for.pdf
Case19255,0,,,200,United Healthcare_genetic-testing-hereditary-cancer.pdf
Case15458,1,1,1,1,BCBS_FEP_20402 Germline Genetic Testing for.pdf
Case6867,1,1,1,1,BCBS_FEP_20402 Germline Genetic Testing for.pdf
Case16126,1,1,1,1,BCBS_FEP_20402 Germline Genetic Testing for.pdf
Case2211,0,,,172,United Healthcare_genetic-testing-hereditary-cancer.pdf
Case14408,1,1,8,8,Cigna_MOL.TS_.238.A_BRCA_Analysis_eff01.01.2025_pub09.10.2024_1.pdf
Case16246,0,,,76,United Healthcare_genetic-testing-hereditary-cancer.pdf
Case2007,1,1,1,1,BCBS_FEP_20402 Germline Genetic Testing for.pdf
Case15570,1,1,1,1,BCBS_FEP_20402 Germline Genetic Testing for.pdf
Case6478,0,,,300,United Healthcare_genetic-testing-hereditary-cancer.pdf
Case3677,0,,,200,United Healthcare_genetic-testing-hereditary-cancer.pdf
Case3581,1,1,7,7,Cigna_MOL.TS_.238.A_BRCA_Analysis_eff01.01.2025_pub09.10.2024_1.pdf
Case15202,1,1,2,2,BCBS_FEP_20402 Germline Genetic Testing for.pdf
Case18257,1,1,8,8,Cigna_MOL.TS_.238.A_BRCA_Analysis_eff01.01.2025_pub09.10.2024_1.pdf
Case12792,1,1,1,1,BCBS_FEP_20402 Germline Genetic Testing for.pdf
Case14226,1,1,8,8,Cigna_MOL.TS_.238.A_BRCA_Analysis_eff01.01.2025_pub09.10.2024_1.pdf
Case5303,0,,,138,United Healthcare_genetic-testing-hereditary-cancer.pdf
Case2666,1,1,1,1,BCBS_FEP_20402 Germline Genetic Testing for.pdf
Case3592,0,,,125,Cigna_MOL.TS_.150A_CMA_for_Developmental_Disorders_and_Prenatal_Diagnosis_eff01.01.2025_pub09.10.2024_1.pdf
Case17595,1,1,1,1,BCBS_FEP_20459 Genetic Testing for Developmental.pdf
Case5834,1,1,1,1,BCBS_FEP_20459 Genetic Testing for Developmental.pdf
Case15820,0,,,123,Cigna_MOL.TS_.150A_CMA_for_Developmental_Disorders_and_Prenatal_Diagnosis_eff01.01.2025_pub09.10.2024_1.pdf
Case17929,0,,,641,United Healthcare_chromosome-microarray-testing.pdf
Case17196,1,1,1,1,BCBS_FEP_20459 Genetic Testing for Developmental.pdf
Case11855,0,,,686,United Healthcare_chromosome-microarray-testing.pdf
Case12834,0,,,370,Cigna_MOL.TS_.344.A_Chromosomal_Microarray_Solid_Tumors_eff01.01.2025_pub09.11.2024_0.pdf
Case10075,0,3,1,1,BCBS_FEP_20459 Genetic Testing for Developmental.pdf
Case9773,1,1,1,1,BCBS_FEP_20459 Genetic Testing for Developmental.pdf
