case_id,rank,name,score
Case14017,1,BCBS_FEP_204102 Whole Exome and.pdf,0.5987807512283325
Case14017,2,BCBS_FEP_204109 Genetic Testing for Epilepsy.pdf,0.6057546138763428
Case14017,3,CapitalBC_medical-policy-genetic-testing-for-epilepsy.pdf,0.6632423400878906
Case14017,4,BCBS_HW_GTM Genetic Testing of Mitochondrial Disorders AHS-M2085 2023-0601_v2.pdf,0.5506442189216614
Case14017,5,Neighborhood Health Plan of Rhode island_GeneticTesting.pdf,0.5878876447677612
Case14017,6,Neighborhood Health Plan of Rhode island_GeneticTesting2.pdf,0.5541534423828125
Case14017,7,Sentara_Genetic Testing - Preconceptional-Prenatal-Preimplantation Commerical - Medical 34D.pdf,0.5474008917808533
Case14017,8,Sentara_Genetic Testing - Preconceptional-Prenatal-Preimplantation Medicare - Medical 34D.pdf,0.5474008917808533
Case14017,9,BCBS_HW_GTM Genetic Testing for Inherited Cardiomyopathies and Channelopathies AHS-M2025 2023-0601_v2.pdf,0.5786736607551575
Case14017,10,Cigna_MOL.TS_.302.A_SPRED1_Legius_Syndrome_Genetic_Testing_eff01.01.2025_pub09.10.2024_1.pdf,0.5729861259460449
Case1778,1,CapitalBC_whole-exome-and-whole-genome-sequencing-for-diagnosis-of-genetic-disorders.pdf,0.4455060362815857
Case1778,2,BCBS_HW_GTM Whole Genome and Whole Exome Sequencing AHS-M2032 2025-0201.pdf,0.4799501895904541
Case1778,3,CapitalBC_Developmental delay.pdf,0.45988214015960693
Case1778,4,Sentara_Genetic Testing - Preconceptional-Prenatal-Preimplantation Medicaid - Medical 34D.pdf,0.44257843494415283
Case1778,5,CapitalBC_medical-policy-genetic-testing-for-macular-degeneration.pdf,0.45988214015960693
Case1778,6,Cigna_MOL.TS_.276.A_POLG_eff01.01.2025_pub09.12.2024_0.pdf,0.4519948363304138
Case1778,7,Capital Health Plan_Lynch Syndrome.pdf,0.4941108226776123
Case1778,8,BCBS_FEP_20408 Genetic Testing for Lynch.pdf,0.4512571096420288
Case1778,9,BCBS_FEP_20402 Germline Genetic Testing for.pdf,0.45746833086013794
Case1778,10,Asuris_Northwest_Health_Conceptio_Pregnancy_Loss.pdf,0.45097416639328003
Case4604,1,BCBS_FEP_204102 Whole Exome and.pdf,0.591659426689148
Case4604,2,BCBS_FEP_20459 Genetic Testing for Developmental.pdf,0.6614793539047241
Case4604,3,BCBS_HW_GTM Whole Genome and Whole Exome Sequencing AHS-M2032 2025-0201.pdf,0.5631076097488403
Case4604,4,CapitalBC_whole-exome-and-whole-genome-sequencing-for-diagnosis-of-genetic-disorders.pdf,0.5603082180023193
Case4604,5,Cigna_MOL.TS_.235.C_Whole_Exome_Sequencing_Cigna_eff01.01.2025_pub09.20.2024.pdf,0.5538238883018494
Case4604,6,CapitalBC_medical-policy-genetic-testing-for-epilepsy.pdf,0.5660272836685181
Case4604,7,Neighborhood Health Plan of Rhode island_GeneticTesting.pdf,0.6063038110733032
Case4604,8,Oklahoma Medicaid_Genetic Molecular Pathology Guideline 3-7-2023.pdf,0.542184591293335
Case4604,9,Capital Health Plan_Lynch Syndrome.pdf,0.5525467991828918
Case4604,10,Asuris_Northwest_Health_Conceptio_Pregnancy_Loss.pdf,0.5774519443511963
Case3422,1,Sentara_Genetic Testing - Preconceptional-Prenatal-Preimplantation Commerical - Medical 34D.pdf,0.5277053713798523
Case3422,2,Sentara_Genetic Testing - Preconceptional-Prenatal-Preimplantation Medicare - Medical 34D.pdf,0.5277053713798523
Case3422,3,BCBS_FEP_204126 Germline Genetic Testing for Gene.pdf,0.5625547170639038
Case3422,4,BCBS_MN_VI-16-014.pdf,0.5748714804649353
Case3422,5,BCBS_FEP_20402 Germline Genetic Testing for.pdf,0.5454977750778198
Case3422,6,BCBS_FEP_20463 Use of Common Genetic.pdf,0.548232913017273
Case3422,7,BCBS_FEP_204101 Genetic Testing for Li Fraumeni.pdf,0.5363635420799255
Case3422,8,Capital Health Plan_Lynch Syndrome.pdf,0.5276861190795898
Case3422,9,CapitalBC_BRCA.pdf,0.5666755437850952
Case3422,10,Asuris_Northwest_Health_Conceptio_Pregnancy_Loss.pdf,0.5741411447525024
Case10917,1,BCBS_FEP_204102 Whole Exome and.pdf,0.5167980194091797
Case10917,2,CapitalBC_whole-exome-and-whole-genome-sequencing-for-diagnosis-of-genetic-disorders.pdf,0.5150159597396851
Case10917,3,Oklahoma Medicaid_Genetic Molecular Pathology Guideline 3-7-2023.pdf,0.49745896458625793
Case10917,4,Sentara_Genetic Testing - Preconceptional-Prenatal-Preimplantation Medicaid - Medical 34D.pdf,0.48464393615722656
Case10917,5,Sentara_Genetic Testing - Preconceptional-Prenatal-Preimplantation Commerical - Medical 34D.pdf,0.48163050413131714
Case10917,6,BCBS_FEP_20483 Genetic Testing for FMR1.pdf,0.5235700607299805
Case10917,7,Neighborhood Health Plan of Rhode island_GeneticTesting2.pdf,0.5216465592384338
Case10917,8,Neighborhood Health Plan of Rhode island_GeneticTesting.pdf,0.5080952644348145
Case10917,9,Cigna_MOL.TS_.302.A_SPRED1_Legius_Syndrome_Genetic_Testing_eff01.01.2025_pub09.10.2024_1.pdf,0.5062633752822876
Case10917,10,Ameriheath_Caritas_PA_ccp1235-genetic-testing-hereditary-cancer-susceptibility.pdf,0.5015326142311096
Case18821,1,BCBS_FEP_204102 Whole Exome and.pdf,0.5917268991470337
Case18821,2,BCBS_HW_GTM Whole Genome and Whole Exome Sequencing AHS-M2032 2025-0201.pdf,0.5738255977630615
Case18821,3,V2.2023 Concert Genetic Testing- Exome & Genome Sequencing for Dx of Genetic Disorders.pdf,0.5790716409683228
Case18821,4,Blue Cross Idaho_02.04.107_09-26-24.pdf,0.5720512866973877
Case18821,5,Medica_Genetic-Testing-for-Exome-and-Genome-Sequencing-for-the-Diagnosis-of-Genetic-Disorders.pdf,0.5799987316131592
Case18821,6,Oregon Medicaaid_Prioritized-List-Prenatal-Genetic-Testing.pdf,0.560377836227417
Case18821,7,Asuris_Northwest_Health_Conceptio_Pregnancy_Loss.pdf,0.5766401290893555
Case18821,8,BCBS_FEP_204107 Carrier Screening for Genetic.pdf,0.5637025833129883
Case18821,9,BCBS_FEP_20402 Germline Genetic Testing for.pdf,0.551705539226532
Case18821,10,CapitalBC_medical-policy-genetic-testing-for-epilepsy.pdf,0.5422252416610718
Case13,1,BCBS_FEP_204102 Whole Exome and.pdf,0.5980552434921265
Case13,2,BCBS_FEP_20459 Genetic Testing for Developmental.pdf,0.5468441247940063
Case13,3,CapitalBC_whole-exome-and-whole-genome-sequencing-for-diagnosis-of-genetic-disorders.pdf,0.5530788898468018
Case13,4,BCBS_HW_GTM Whole Genome and Whole Exome Sequencing AHS-M2032 2025-0201.pdf,0.5606509447097778
Case13,5,V2.2023 Concert Genetic Testing- Exome & Genome Sequencing for Dx of Genetic Disorders.pdf,0.5537644028663635
Case13,6,Medica_Genetic-Testing-for-Exome-and-Genome-Sequencing-for-the-Diagnosis-of-Genetic-Disorders.pdf,0.5614757537841797
Case13,7,Neighborhood Health Plan of Rhode island_GeneticTesting.pdf,0.5821080207824707
Case13,8,CapitalBC_medical-policy-genetic-testing-for-epilepsy.pdf,0.6482940912246704
Case13,9,BCBS_FEP_204109 Genetic Testing for Epilepsy.pdf,0.5443629622459412
Case13,10,Asuris_Northwest_Health_Conceptio_Pregnancy_Loss.pdf,0.5497766733169556
Case8621,1,BCBS_FEP_204102 Whole Exome and.pdf,0.5837322473526001
Case8621,2,BCBS_HW_GTM Whole Genome and Whole Exome Sequencing AHS-M2032 2025-0201.pdf,0.5424022674560547
Case8621,3,V2.2023 Concert Genetic Testing- Exome & Genome Sequencing for Dx of Genetic Disorders.pdf,0.5424946546554565
Case8621,4,Cigna_MOL.TS_.235.C_Whole_Exome_Sequencing_Cigna_eff01.01.2025_pub09.20.2024.pdf,0.560463547706604
Case8621,5,Medica_Genetic-Testing-for-Exome-and-Genome-Sequencing-for-the-Diagnosis-of-Genetic-Disorders.pdf,0.5253576636314392
Case8621,6,BCBS_FEP_20459 Genetic Testing for Developmental.pdf,0.6537890434265137
Case8621,7,Oklahoma Medicaid_Genetic Molecular Pathology Guideline 3-7-2023.pdf,0.5272835493087769
Case8621,8,Neighborhood Health Plan of Rhode island_GeneticTesting.pdf,0.5663304924964905
Case8621,9,CapitalBC_medical-policy-genetic-testing-for-epilepsy.pdf,0.5728329420089722
Case8621,10,Asuris_Northwest_Health_Conceptio_Pregnancy_Loss.pdf,0.5975065231323242
Case8051,1,BCBS_FEP_204102 Whole Exome and.pdf,0.5906249284744263
Case8051,2,BCBS_FEP_204129 Genetic Testing for Marfan.pdf,0.5286085605621338
Case8051,3,V2.2023 Concert Genetic Testing- Cardiac Disorders.pdf,0.5193673968315125
Case8051,4,BCBS_HW_GTM Genetic Testing for CHARGE Syndrome AHS–M2070 2023-0601_v2.pdf,0.5264178514480591
Case8051,5,BCBS_NE_V66.pdf,0.5530178546905518
Case8051,6,BCBS_HW_GTM Genetic Testing for Inherited Cardiomyopathies and Channelopathies AHS-M2025 2023-0601_v2.pdf,0.5566577911376953
Case8051,7,Oklahoma Medicaid_Genetic Molecular Pathology Guideline 3-7-2023.pdf,0.5134007930755615
Case8051,8,CapitalBC_medical-policy-genetic-testing-for-epilepsy.pdf,0.5255878567695618
Case8051,9,Cigna_MOL.TS_.302.A_SPRED1_Legius_Syndrome_Genetic_Testing_eff01.01.2025_pub09.10.2024_1.pdf,0.5095992684364319
Case8051,10,Asuris_Northwest_Health_Conceptio_Pregnancy_Loss.pdf,0.5190180540084839
Case13517,1,BCBS_FEP_204102 Whole Exome and.pdf,0.5042721033096313
Case13517,2,CapitalBC_whole-exome-and-whole-genome-sequencing-for-diagnosis-of-genetic-disorders.pdf,0.4990711212158203
Case13517,3,South Carolina Medicaid_Genetic testing.pdf,0.4852593243122101
Case13517,4,BCBS_FEP_20459 Genetic Testing for Developmental.pdf,0.48127150535583496
Case13517,5,Neighborhood Health Plan of Rhode island_GeneticTesting2.pdf,0.5248295068740845
Case13517,6,Neighborhood Health Plan of Rhode island_GeneticTesting.pdf,0.4980000853538513
Case13517,7,BCBS_HW_GTM Genetic Testing for FMR1 Mutations AHS-M2028 2023-0601_v2.pdf,0.4831485152244568
Case13517,8,BCBS_FEP_20483 Genetic Testing for FMR1.pdf,0.5314330458641052
Case13517,9,Cigna_MOL.TS_.302.A_SPRED1_Legius_Syndrome_Genetic_Testing_eff01.01.2025_pub09.10.2024_1.pdf,0.5033659934997559
Case13517,10,Cigna_MOL.CU_.112.A_Genetic_Testing_for_Prenatal_Screening_and_Diagnostic_Testing_eff01.01.2025_09.12.2024_0.pdf,0.4816514849662781
Case3359,1,BCBS_FEP_204102 Whole Exome and.pdf,0.6106461882591248
Case3359,2,CapitalBC_whole-exome-and-whole-genome-sequencing-for-diagnosis-of-genetic-disorders.pdf,0.548693060874939
Case3359,3,BCBS_HW_GTM Whole Genome and Whole Exome Sequencing AHS-M2032 2025-0201.pdf,0.5843812227249146
Case3359,4,Cigna_MOL.TS_.235.C_Whole_Exome_Sequencing_Cigna_eff01.01.2025_pub09.20.2024.pdf,0.5944111347198486
Case3359,5,V2.2023 Concert Genetic Testing- Exome & Genome Sequencing for Dx of Genetic Disorders.pdf,0.5545517802238464
Case3359,6,BCBS_FEP_20459 Genetic Testing for Developmental.pdf,0.614643394947052
Case3359,7,Neighborhood Health Plan of Rhode island_GeneticTesting.pdf,0.5708975791931152
Case3359,8,CapitalBC_medical-policy-genetic-testing-for-epilepsy.pdf,0.5987000465393066
Case3359,9,Oklahoma Medicaid_Genetic Molecular Pathology Guideline 3-7-2023.pdf,0.5431472063064575
Case3359,10,Asuris_Northwest_Health_Conceptio_Pregnancy_Loss.pdf,0.6133648157119751
Case2496,1,Cigna_MOL.CU_.112.A_Genetic_Testing_for_Prenatal_Screening_and_Diagnostic_Testing_eff01.01.2025_09.12.2024_0.pdf,0.5287529826164246
Case2496,2,V2.2023 Concert Genetic Testing- Exome & Genome Sequencing for Dx of Genetic Disorders.pdf,0.5382872819900513
Case2496,3,BCBS_HW_GTM Whole Genome and Whole Exome Sequencing AHS-M2032 2025-0201.pdf,0.5588555335998535
Case2496,4,CapitalBC_whole-exome-and-whole-genome-sequencing-for-diagnosis-of-genetic-disorders.pdf,0.5576854944229126
Case2496,5,Oregon Medicaaid_Prioritized-List-Prenatal-Genetic-Testing.pdf,0.5427762269973755
Case2496,6,BCBS_FEP_204102 Whole Exome and.pdf,0.6251428127288818
Case2496,7,Medica_Genetic-Testing-for-Exome-and-Genome-Sequencing-for-the-Diagnosis-of-Genetic-Disorders.pdf,0.5587376952171326
Case2496,8,CapitalBC_medical-policy-genetic-testing-for-epilepsy.pdf,0.5388894081115723
Case2496,9,BCBS_MI2.pdf,0.5298570394515991
Case2496,10,Asuris_Northwest_Health_Conceptio_Pregnancy_Loss.pdf,0.5708011388778687
Case8485,1,BCBS_FEP_204102 Whole Exome and.pdf,0.5243434309959412
Case8485,2,BCBS_FEP_20459 Genetic Testing for Developmental.pdf,0.4969937205314636
Case8485,3,BCBS_NE_V35.pdf,0.48666903376579285
Case8485,4,CapitalBC_medical-policy-genetic-testing-for-epilepsy.pdf,0.5300285220146179
Case8485,5,Neighborhood Health Plan of Rhode island_GeneticTesting2.pdf,0.5446475148200989
Case8485,6,Neighborhood Health Plan of Rhode island_GeneticTesting.pdf,0.5286823511123657
Case8485,7,BCBS_HW_GTM Genetic Testing for FMR1 Mutations AHS-M2028 2023-0601_v2.pdf,0.5113012194633484
Case8485,8,BCBS_FEP_20483 Genetic Testing for FMR1.pdf,0.47998863458633423
Case8485,9,HealthParners_prenatal and preconception carrier screening.pdf,0.5244275331497192
Case8485,10,BCBS_HW_GTM Genetic Testing for Inherited Cardiomyopathies and Channelopathies AHS-M2025 2023-0601_v2.pdf,0.4748260974884033
Case5674,1,BCBS_FEP_204102 Whole Exome and.pdf,0.609832763671875
Case5674,2,BCBS_FEP_204109 Genetic Testing for Epilepsy.pdf,0.6558626890182495
Case5674,3,BCBS_FEP_20459 Genetic Testing for Developmental.pdf,0.5420795679092407
Case5674,4,CapitalBC_medical-policy-genetic-testing-for-epilepsy.pdf,0.7567456960678101
Case5674,5,Health Partners Plan_mn011d-whole-genome-whole-exome-sequencing.pdf,0.5321739912033081
Case5674,6,V2.2023 Concert Genetic Testing- Exome & Genome Sequencing for Dx of Genetic Disorders.pdf,0.5145996809005737
Case5674,7,Cigna_MOL.TS_.235.C_Whole_Exome_Sequencing_Cigna_eff01.01.2025_pub09.20.2024.pdf,0.5530452728271484
Case5674,8,Cigna_MOL.TS_.257.A_Epilepsy_Genetic_Testing_eff01.01.2025_09.12.2024_0.pdf,0.542451024055481
Case5674,9,Neighborhood Health Plan of Rhode island_GeneticTesting.pdf,0.5190988779067993
Case5674,10,Asuris_Northwest_Health_Conceptio_Pregnancy_Loss.pdf,0.5747150778770447
Case3494,1,Cigna_MOL.TS_.235.C_Whole_Exome_Sequencing_Cigna_eff01.01.2025_pub09.20.2024.pdf,0.5515159964561462
Case3494,2,BCBS_FEP_204102 Whole Exome and.pdf,0.6232960224151611
Case3494,3,CapitalBC_whole-exome-and-whole-genome-sequencing-for-diagnosis-of-genetic-disorders.pdf,0.5582077503204346
Case3494,4,BCBS_HW_GTM Whole Genome and Whole Exome Sequencing AHS-M2032 2025-0201.pdf,0.5764238834381104
Case3494,5,CapitalBC_Developmental delay.pdf,0.5150371789932251
Case3494,6,CapitalBC_medical-policy-genetic-testing-for-epilepsy.pdf,0.5833624005317688
Case3494,7,Neighborhood Health Plan of Rhode island_GeneticTesting.pdf,0.5399003028869629
Case3494,8,BCBS_FEP_204107 Carrier Screening for Genetic.pdf,0.5234732627868652
Case3494,9,CapitalBC_medical-policy-genetic-testing-for-macular-degeneration.pdf,0.5150371789932251
Case3494,10,Asuris_Northwest_Health_Conceptio_Pregnancy_Loss.pdf,0.5502970218658447
Case7297,1,BCBS_FEP_204102 Whole Exome and.pdf,0.5935819149017334
Case7297,2,V2.2023 Concert Genetic Testing- Exome & Genome Sequencing for Dx of Genetic Disorders.pdf,0.5951111316680908
Case7297,3,Medica_Genetic-Testing-for-Exome-and-Genome-Sequencing-for-the-Diagnosis-of-Genetic-Disorders.pdf,0.5984716415405273
Case7297,4,Oklahoma Medicaid_Genetic Molecular Pathology Guideline 3-7-2023.pdf,0.6135641932487488
Case7297,5,Ameriheath_Caritas_PA_ccp1235-genetic-testing-hereditary-cancer-susceptibility.pdf,0.6223766207695007
Case7297,6,BCBS_MN_VI-16-014.pdf,0.5911746621131897
Case7297,7,BCBS_FEP_20402 Germline Genetic Testing for.pdf,0.5949816107749939
Case7297,8,CapitalBC_BRCA.pdf,0.5889561176300049
Case7297,9,Capital Health Plan_Lynch Syndrome.pdf,0.5824419260025024
Case7297,10,Asuris_Northwest_Health_Conceptio_Pregnancy_Loss.pdf,0.5811877250671387
Case9978,1,CapitalBC_medical-policy-genetic-testing-for-epilepsy.pdf,0.6710798740386963
Case9978,2,BCBS_FEP_204109 Genetic Testing for Epilepsy.pdf,0.5156535506248474
Case9978,3,CapitalBC_whole-exome-and-whole-genome-sequencing-for-diagnosis-of-genetic-disorders.pdf,0.5306063294410706
Case9978,4,Blue Shield of California_Blue Shield of California Promise Health Plan_Genetic-Test-Exome-Genome-Sequencing-DX-Genetic-Disorders.pdf,0.5055888295173645
Case9978,5,Cigna_MOL.TS_.235.C_Whole_Exome_Sequencing_Cigna_eff01.01.2025_pub09.20.2024.pdf,0.5726197957992554
Case9978,6,BCBS_FEP_204102 Whole Exome and.pdf,0.6435999870300293
Case9978,7,BCBS_FEP_20483 Genetic Testing for FMR1.pdf,0.5435760021209717
Case9978,8,HealthParners_prenatal and preconception carrier screening.pdf,0.5254048109054565
Case9978,9,Neighborhood Health Plan of Rhode island_GeneticTesting.pdf,0.5661680698394775
Case9978,10,Neighborhood Health Plan of Rhode island_GeneticTesting2.pdf,0.5565922260284424
Case4196,1,BCBS_FEP_204102 Whole Exome and.pdf,0.5947664976119995
Case4196,2,BCBS_FEP_20459 Genetic Testing for Developmental.pdf,0.5713262557983398
Case4196,3,CapitalBC_whole-exome-and-whole-genome-sequencing-for-diagnosis-of-genetic-disorders.pdf,0.5564473271369934
Case4196,4,Blue Cross Idaho_02.04.109_03-27-25.pdf,0.5771438479423523
Case4196,5,Blue Cross Idaho_02.04.099_02-27-25.pdf,0.5713208913803101
Case4196,6,Neighborhood Health Plan of Rhode island_GeneticTesting.pdf,0.6069802045822144
Case4196,7,Neighborhood Health Plan of Rhode island_GeneticTesting2.pdf,0.5511938333511353
Case4196,8,Oklahoma Medicaid_Genetic Molecular Pathology Guideline 3-7-2023.pdf,0.5506755113601685
Case4196,9,Sentara_Genetic Testing - Preconceptional-Prenatal-Preimplantation Medicaid - Medical 34D.pdf,0.5546121597290039
Case4196,10,Cigna_MOL.TS_.302.A_SPRED1_Legius_Syndrome_Genetic_Testing_eff01.01.2025_pub09.10.2024_1.pdf,0.5727729797363281
Case14141,1,BCBS_FEP_20459 Genetic Testing for Developmental.pdf,0.5789592266082764
Case14141,2,Blue Shield of California_Blue Shield of California Promise Health Plan_Genetic-Test-Gastroenterologic-Disorders.pdf,0.5439102649688721
Case14141,3,Oklahoma Medicaid_Genetic Molecular Pathology Guideline 3-7-2023.pdf,0.5421292781829834
Case14141,4,BCBS_MN_VI-16-014.pdf,0.5738956928253174
Case14141,5,Blue Cross Idaho_02.04.107_09-26-24.pdf,0.5543092489242554
Case14141,6,Blue Cross Idaho_02.04.122_08-29-24.pdf,0.5482797622680664
Case14141,7,Dean_HealthPlan_Genetic-Testing-Hematologic-9595.pdf,0.5475746393203735
Case14141,8,BCBS_FEP_204107 Carrier Screening for Genetic.pdf,0.5574909448623657
Case14141,9,Neighborhood Health Plan of Rhode island_GeneticTesting.pdf,0.573467493057251
Case14141,10,Asuris_Northwest_Health_Conceptio_Pregnancy_Loss.pdf,0.5973415374755859
Case18882,1,BCBS_HW_GTM Whole Genome and Whole Exome Sequencing AHS-M2032 2025-0201.pdf,0.5465596914291382
Case18882,2,BCBS_FEP_204102 Whole Exome and.pdf,0.6031502485275269
Case18882,3,CapitalBC_whole-exome-and-whole-genome-sequencing-for-diagnosis-of-genetic-disorders.pdf,0.5652056336402893
Case18882,4,V2.2023 Concert Genetic Testing- Exome & Genome Sequencing for Dx of Genetic Disorders.pdf,0.544305145740509
Case18882,5,United Healthcare_genetic-testing-cardiac-disease.pdf,0.5507873296737671
Case18882,6,oxford_gene-expression-tests-cardiac-conditions-ohp.pdf,0.5555678606033325
Case18882,7,BCBS_HW_GTM Genetic Testing for Inherited Cardiomyopathies and Channelopathies AHS-M2025 2023-0601_v2.pdf,0.5761496424674988
Case18882,8,CapitalBC_medical-policy-genetic-testing-for-epilepsy.pdf,0.5528160333633423
Case18882,9,Blue Shield of California_Blue Shield of California Promise Health Plan_Genetic-Test-Gastroenterologic-Disorders.pdf,0.558340847492218
Case18882,10,Asuris_Northwest_Health_Conceptio_Pregnancy_Loss.pdf,0.5563365817070007
Case5230,1,BCBS_FEP_204102 Whole Exome and.pdf,0.573441207408905
Case5230,2,CapitalBC_whole-exome-and-whole-genome-sequencing-for-diagnosis-of-genetic-disorders.pdf,0.5207620859146118
Case5230,3,BCBS_HW_GTM Whole Genome and Whole Exome Sequencing AHS-M2032 2025-0201.pdf,0.4870491623878479
Case5230,4,Cigna_MOL.TS_.235.C_Whole_Exome_Sequencing_Cigna_eff01.01.2025_pub09.20.2024.pdf,0.5250179767608643
Case5230,5,CapitalBC_Developmental delay.pdf,0.4784952998161316
Case5230,6,BCBS_FEP_20459 Genetic Testing for Developmental.pdf,0.5808355212211609
Case5230,7,CapitalBC_medical-policy-genetic-testing-for-epilepsy.pdf,0.5382728576660156
Case5230,8,CapitalBC_medical-policy-genetic-testing-for-neurofibromatosis.pdf,0.4847882390022278
Case5230,9,CapitalBC_Alpha1 Antitrypsin deficiency.pdf,0.48629486560821533
Case5230,10,Asuris_Northwest_Health_Conceptio_Pregnancy_Loss.pdf,0.5759357810020447
Case11124,1,BCBS_FEP_204102 Whole Exome and.pdf,0.6121988892555237
Case11124,2,CapitalBC_whole-exome-and-whole-genome-sequencing-for-diagnosis-of-genetic-disorders.pdf,0.5685504674911499
Case11124,3,V2.2023 Concert Genetic Testing- Exome & Genome Sequencing for Dx of Genetic Disorders.pdf,0.5707079172134399
Case11124,4,Cigna_MOL.TS_.235.C_Whole_Exome_Sequencing_Cigna_eff01.01.2025_pub09.20.2024.pdf,0.5686660408973694
Case11124,5,BCBS_HW_GTM Whole Genome and Whole Exome Sequencing AHS-M2032 2025-0201.pdf,0.6171501874923706
Case11124,6,BCBS_NE_V35.pdf,0.5723764896392822
Case11124,7,CapitalBC_medical-policy-genetic-testing-for-hereditary-hearing-loss.pdf,0.5774699449539185
Case11124,8,Dean_HealthPlan_Genetic-Testing-Hearing-Loss-9594.pdf,0.5745277404785156
Case11124,9,Neighborhood Health Plan of Rhode island_GeneticTesting.pdf,0.5677792429924011
Case11124,10,Asuris_Northwest_Health_Conceptio_Pregnancy_Loss.pdf,0.5667674541473389
Case8288,1,CapitalBC_whole-exome-and-whole-genome-sequencing-for-diagnosis-of-genetic-disorders.pdf,0.4961354732513428
Case8288,2,BCBS_FEP_204102 Whole Exome and.pdf,0.5921103954315186
Case8288,3,BCBS_HW_GTM Whole Genome and Whole Exome Sequencing AHS-M2032 2025-0201.pdf,0.502968430519104
Case8288,4,V2.2023 Concert Genetic Testing- Exome & Genome Sequencing for Dx of Genetic Disorders.pdf,0.5258646011352539
Case8288,5,Medica_Genetic-Testing-for-Exome-and-Genome-Sequencing-for-the-Diagnosis-of-Genetic-Disorders.pdf,0.5134849548339844
Case8288,6,BCBS_NE_V66.pdf,0.5041124820709229
Case8288,7,Cigna_MOL.TS_.410.A_Cardiomyopathy_and_Arrhythmia_eff01.01.2025_pub09.11.2024_0.pdf,0.49100902676582336
Case8288,8,CapitalBC_medical-policy-genetic-testing-for-epilepsy.pdf,0.5202969312667847
Case8288,9,Asuris_Northwest_Health_Conceptio_Pregnancy_Loss.pdf,0.6009336709976196
Case8288,10,BCBS_FEP_204107 Carrier Screening for Genetic.pdf,0.527179479598999
Case7376,1,BCBS_FEP_204102 Whole Exome and.pdf,0.5802079439163208
Case7376,2,BCBS_MN_VI-16-014.pdf,0.5530097484588623
Case7376,3,BCBS_FEP_204126 Germline Genetic Testing for Gene.pdf,0.5238161087036133
Case7376,4,BCBS_FEP_20402 Germline Genetic Testing for.pdf,0.5525121092796326
Case7376,5,Humana_Genetic Testing for Hereditary Breast, Ovarian, Pancreatic and Prostate Cancer - Commercial.pdf,0.5307615399360657
Case7376,6,Ameriheath_Caritas_PA_ccp1235-genetic-testing-hereditary-cancer-susceptibility.pdf,0.5513136386871338
Case7376,7,Capital Health Plan_BRCA.pdf,0.5238587260246277
Case7376,8,BCBS_HW_GTM Lynch Syndrome AHS–M2004 2025-0201.pdf,0.5281909704208374
Case7376,9,BCBS_FEP_204137 Genetic Testing for Neurofibromatosis.pdf,0.5324324369430542
Case7376,10,tricare_west.pdf,0.5534868240356445
Case7682,1,V2.2023 Concert Genetic Testing- Exome & Genome Sequencing for Dx of Genetic Disorders.pdf,0.5623992681503296
Case7682,2,BCBS_FEP_204102 Whole Exome and.pdf,0.6065747141838074
Case7682,3,BCBS_HW_GTM Whole Genome and Whole Exome Sequencing AHS-M2032 2025-0201.pdf,0.5652046799659729
Case7682,4,CapitalBC_whole-exome-and-whole-genome-sequencing-for-diagnosis-of-genetic-disorders.pdf,0.6057835221290588
Case7682,5,Neighborhood Health Plan of Rhode island_GeneticTesting.pdf,0.5656558275222778
Case7682,6,South Carolina Medicaid_Genetic testing.pdf,0.5705400705337524
Case7682,7,Oklahoma Medicaid_Genetic Molecular Pathology Guideline 3-7-2023.pdf,0.5708879828453064
Case7682,8,Asuris_Northwest_Health_Conceptio_Pregnancy_Loss.pdf,0.5663163661956787
Case7682,9,Sentara_Genetic Testing - Preconceptional-Prenatal-Preimplantation Commerical - Medical 34D.pdf,0.5672107934951782
Case7682,10,Sentara_Genetic Testing - Preconceptional-Prenatal-Preimplantation Medicare - Medical 34D.pdf,0.5672107934951782
Case19905,1,BCBS_FEP_204102 Whole Exome and.pdf,0.5635851621627808
Case19905,2,CapitalBC_whole-exome-and-whole-genome-sequencing-for-diagnosis-of-genetic-disorders.pdf,0.5364470481872559
Case19905,3,United Healthcare_genetic-testing-cardiac-disease.pdf,0.5426028966903687
Case19905,4,BCBS_HW_GTM Genetic Testing for Inherited Cardiomyopathies and Channelopathies AHS-M2025 2023-0601_v2.pdf,0.5492868423461914
Case19905,5,oxford_gene-expression-tests-cardiac-conditions-ohp.pdf,0.5537028312683105
Case19905,6,CapitalBC_medical-policy-genetic-testing-for-epilepsy.pdf,0.5291022062301636
Case19905,7,Sentara_Genetic Testing - Preconceptional-Prenatal-Preimplantation Medicaid - Medical 34D.pdf,0.5170236229896545
Case19905,8,Sentara_Genetic Testing - Preconceptional-Prenatal-Preimplantation Commerical - Medical 34D.pdf,0.5125381946563721
Case19905,9,Sentara_Genetic Testing - Preconceptional-Prenatal-Preimplantation Medicare - Medical 34D.pdf,0.5125381946563721
Case19905,10,CapitalBC_Alpha1 Antitrypsin deficiency.pdf,0.4992864727973938
Case2847,1,BCBS_FEP_204102 Whole Exome and.pdf,0.6077480912208557
Case2847,2,BCBS_FEP_20459 Genetic Testing for Developmental.pdf,0.5869313478469849
Case2847,3,BCBS_FEP_204107 Carrier Screening for Genetic.pdf,0.5980839729309082
Case2847,4,BCBS_MN_VI-16-014.pdf,0.5847702026367188
Case2847,5,Medica_Genetic-Testing-for-Exome-and-Genome-Sequencing-for-the-Diagnosis-of-Genetic-Disorders.pdf,0.6167970299720764
Case2847,6,V2.2023 Concert Genetic Testing- Exome & Genome Sequencing for Dx of Genetic Disorders.pdf,0.603823184967041
Case2847,7,Neighborhood Health Plan of Rhode island_GeneticTesting.pdf,0.5902959108352661
Case2847,8,Oklahoma Medicaid_Genetic Molecular Pathology Guideline 3-7-2023.pdf,0.6202141046524048
Case2847,9,Blue Shield of California_Blue Shield of California Promise Health Plan_Genetic-Test-Gastroenterologic-Disorders.pdf,0.5980300903320312
Case2847,10,Asuris_Northwest_Health_Conceptio_Pregnancy_Loss.pdf,0.6439628005027771
Case10529,1,BCBS_FEP_204102 Whole Exome and.pdf,0.582042396068573
Case10529,2,BCBS_FEP_20459 Genetic Testing for Developmental.pdf,0.545715868473053
Case10529,3,Oklahoma Medicaid_Genetic Molecular Pathology Guideline 3-7-2023.pdf,0.5488159656524658
Case10529,4,BCBS_HW_GTM Genetic Testing for Rett Syndrome AHS-M2088 2023-0601_v2.pdf,0.5501295328140259
Case10529,5,BCBS_FEP_20483 Genetic Testing for FMR1.pdf,0.551408052444458
Case10529,6,BCBS_HW_GTM Genetic Testing for FMR1 Mutations AHS-M2028 2023-0601_v2.pdf,0.5582191944122314
Case10529,7,Neighborhood Health Plan of Rhode island_GeneticTesting.pdf,0.6167371869087219
Case10529,8,Neighborhood Health Plan of Rhode island_GeneticTesting2.pdf,0.5880813598632812
Case10529,9,Ameriheath_Caritas_PA_ccp1235-genetic-testing-hereditary-cancer-susceptibility.pdf,0.5564258694648743
Case10529,10,HealthParners_prenatal and preconception carrier screening.pdf,0.5447086095809937
Case16487,1,BCBS_FEP_204102 Whole Exome and.pdf,0.5711485147476196
Case16487,2,CapitalBC_whole-exome-and-whole-genome-sequencing-for-diagnosis-of-genetic-disorders.pdf,0.539599597454071
Case16487,3,V2.2023 Concert Genetic Testing- Exome & Genome Sequencing for Dx of Genetic Disorders.pdf,0.5592254996299744
Case16487,4,Medica_Genetic-Testing-for-Exome-and-Genome-Sequencing-for-the-Diagnosis-of-Genetic-Disorders.pdf,0.5634419918060303
Case16487,5,Dean_HealthPlan_Genetic-Testing-Hematologic-9595.pdf,0.5394265651702881
Case16487,6,Oklahoma Medicaid_Genetic Molecular Pathology Guideline 3-7-2023.pdf,0.5506322979927063
Case16487,7,Neighborhood Health Plan of Rhode island_GeneticTesting.pdf,0.5455313920974731
Case16487,8,Neighborhood Health Plan of Rhode island_GeneticTesting2.pdf,0.5633375644683838
Case16487,9,Blue Shield of California_Blue Shield of California Promise Health Plan_Genetic-Test-Gastroenterologic-Disorders.pdf,0.565476655960083
Case16487,10,Asuris_Northwest_Health_Conceptio_Pregnancy_Loss.pdf,0.561867356300354
Case811,1,BCBS_FEP_204102 Whole Exome and.pdf,0.6191494464874268
Case811,2,BCBS_FEP_20459 Genetic Testing for Developmental.pdf,0.5864808559417725
Case811,3,V2.2023 Concert Genetic Testing- Exome & Genome Sequencing for Dx of Genetic Disorders.pdf,0.5427484512329102
Case811,4,Medica_Genetic-Testing-for-Exome-and-Genome-Sequencing-for-the-Diagnosis-of-Genetic-Disorders.pdf,0.5381205081939697
Case811,5,Cigna_MOL.TS_.235.C_Whole_Exome_Sequencing_Cigna_eff01.01.2025_pub09.20.2024.pdf,0.5924503803253174
Case811,6,CapitalBC_medical-policy-genetic-testing-for-epilepsy.pdf,0.6187179684638977
Case811,7,Neighborhood Health Plan of Rhode island_GeneticTesting.pdf,0.5519618988037109
Case811,8,Cigna_MOL.TS_.302.A_SPRED1_Legius_Syndrome_Genetic_Testing_eff01.01.2025_pub09.10.2024_1.pdf,0.5433335304260254
Case811,9,Capital Health Plan_Lynch Syndrome.pdf,0.525869607925415
Case811,10,Asuris_Northwest_Health_Conceptio_Pregnancy_Loss.pdf,0.5698705911636353
Case9408,1,BCBS_FEP_204102 Whole Exome and.pdf,0.6338143348693848
Case9408,2,BCBS_FEP_204109 Genetic Testing for Epilepsy.pdf,0.5872166156768799
Case9408,3,BCBS_FEP_20459 Genetic Testing for Developmental.pdf,0.5969631671905518
Case9408,4,CapitalBC_medical-policy-genetic-testing-for-epilepsy.pdf,0.7157532572746277
Case9408,5,Blue Cross Idaho_02.04.109_03-27-25.pdf,0.5715392827987671
Case9408,6,V2.2023 Concert Genetic Testing- Exome & Genome Sequencing for Dx of Genetic Disorders.pdf,0.5810990929603577
Case9408,7,Cigna_MOL.TS_.235.C_Whole_Exome_Sequencing_Cigna_eff01.01.2025_pub09.20.2024.pdf,0.5780837535858154
Case9408,8,Neighborhood Health Plan of Rhode island_GeneticTesting.pdf,0.5814498662948608
Case9408,9,Blue Cross Idaho_02.04.107_09-26-24.pdf,0.5657178163528442
Case9408,10,Asuris_Northwest_Health_Conceptio_Pregnancy_Loss.pdf,0.5669558048248291
Case4067,1,BCBS_FEP_204102 Whole Exome and.pdf,0.5121030807495117
Case4067,2,CapitalBC_whole-exome-and-whole-genome-sequencing-for-diagnosis-of-genetic-disorders.pdf,0.5157087445259094
Case4067,3,Cigna_MOL.TS_.235.C_Whole_Exome_Sequencing_Cigna_eff01.01.2025_pub09.20.2024.pdf,0.4908948540687561
Case4067,4,BCBS_FEP_20459 Genetic Testing for Developmental.pdf,0.500048041343689
Case4067,5,South Carolina Medicaid_Genetic testing.pdf,0.4979405403137207
Case4067,6,CapitalBC_medical-policy-genetic-testing-for-epilepsy.pdf,0.5173637866973877
Case4067,7,Cigna_MOL.TS_.306.C_Whole_Genome_Sequencing_Cigna_eff01.01.2025_pub09.10.2024.pdf,0.5167490243911743
Case4067,8,Cigna_MOL.TS_.302.A_SPRED1_Legius_Syndrome_Genetic_Testing_eff01.01.2025_pub09.10.2024_1.pdf,0.4707859754562378
Case4067,9,Sentara_Genetic Testing - Preconceptional-Prenatal-Preimplantation Commerical - Medical 34D.pdf,0.4950793981552124
Case4067,10,Sentara_Genetic Testing - Preconceptional-Prenatal-Preimplantation Medicare - Medical 34D.pdf,0.4950793981552124
Case4982,1,CapitalBC_whole-exome-and-whole-genome-sequencing-for-diagnosis-of-genetic-disorders.pdf,0.5060246586799622
Case4982,2,BCBS_FEP_204102 Whole Exome and.pdf,0.5708625316619873
Case4982,3,CapitalBC_medical-policy-genetic-testing-for-epilepsy.pdf,0.6201158761978149
Case4982,4,BCBS_FEP_204109 Genetic Testing for Epilepsy.pdf,0.5628442764282227
Case4982,5,Ameriheath_Caritas_PA_ccp1235-genetic-testing-hereditary-cancer-susceptibility.pdf,0.511372447013855
Case4982,6,Cigna_MOL.TS_.257.A_Epilepsy_Genetic_Testing_eff01.01.2025_09.12.2024_0.pdf,0.515529990196228
Case4982,7,Blue Cross Idaho_02.04.107_09-26-24.pdf,0.5096420049667358
Case4982,8,Cigna_MOL.TS_.302.A_SPRED1_Legius_Syndrome_Genetic_Testing_eff01.01.2025_pub09.10.2024_1.pdf,0.503821074962616
Case4982,9,BCBS_HW_GTM Genetic Testing of CADASIL Syndrome AHS-M2069 2023-0601_v2.pdf,0.5173450112342834
Case4982,10,Capital Health Plan_Lynch Syndrome.pdf,0.5085681080818176
Case8710,1,BCBS_FEP_204102 Whole Exome and.pdf,0.523711085319519
Case8710,2,Cigna_MOL.TS_.235.C_Whole_Exome_Sequencing_Cigna_eff01.01.2025_pub09.20.2024.pdf,0.5334975123405457
Case8710,3,Driscoll_Genetic-Testing-for-Suspected-Disability.pdf,0.5278810262680054
Case8710,4,Cigna_MOL.TS_.306.C_Whole_Genome_Sequencing_Cigna_eff01.01.2025_pub09.10.2024.pdf,0.5171584486961365
Case8710,5,CapitalBC_medical-policy-genetic-testing-for-epilepsy.pdf,0.5753681659698486
Case8710,6,BCBS_FEP_204109 Genetic Testing for Epilepsy.pdf,0.5104032754898071
Case8710,7,BCBS_FEP_20489 Genetic Testing for the.pdf,0.5657134056091309
Case8710,8,Sentara_Genetic Testing - Preconceptional-Prenatal-Preimplantation Medicaid - Medical 34D.pdf,0.5147659778594971
Case8710,9,Ameriheath_Caritas_PA_ccp1235-genetic-testing-hereditary-cancer-susceptibility.pdf,0.5623895525932312
Case8710,10,Capital Health Plan_Lynch Syndrome.pdf,0.5264742970466614
Case13613,1,BCBS_FEP_204102 Whole Exome and.pdf,0.586047887802124
Case13613,2,Medica_Genetic-Testing-for-Exome-and-Genome-Sequencing-for-the-Diagnosis-of-Genetic-Disorders.pdf,0.5187610387802124
Case13613,3,BCBS_NE_V63.pdf,0.5207493305206299
Case13613,4,Neighborhood Health Plan of Rhode island_GeneticTesting2.pdf,0.5589340925216675
Case13613,5,Neighborhood Health Plan of Rhode island_GeneticTesting.pdf,0.5421744585037231
Case13613,6,HealthParners_prenatal and preconception carrier screening.pdf,0.5094503164291382
Case13613,7,BCBS_MI2.pdf,0.5586268901824951
Case13613,8,CapitalBC_medical-policy-genetic-testing-for-epilepsy.pdf,0.5386618375778198
Case13613,9,BCBS_HW_GTM Genetic Testing for FMR1 Mutations AHS-M2028 2023-0601_v2.pdf,0.5324147343635559
Case13613,10,Asuris_Northwest_Health_Conceptio_Pregnancy_Loss.pdf,0.5744448900222778
Case1501,1,BCBS_HW_GTM Whole Genome and Whole Exome Sequencing AHS-M2032 2025-0201.pdf,0.5536958575248718
Case1501,2,BCBS_FEP_204102 Whole Exome and.pdf,0.5774745941162109
Case1501,3,CapitalBC_whole-exome-and-whole-genome-sequencing-for-diagnosis-of-genetic-disorders.pdf,0.5329040288925171
Case1501,4,BCBS_HW_GTM Genetic Testing for Inherited Cardiomyopathies and Channelopathies AHS-M2025 2023-0601_v2.pdf,0.5684207081794739
Case1501,5,United Healthcare_genetic-testing-cardiac-disease.pdf,0.5363441109657288
Case1501,6,oxford_gene-expression-tests-cardiac-conditions-ohp.pdf,0.5330760478973389
Case1501,7,CapitalBC_medical-policy-genetic-testing-for-epilepsy.pdf,0.5762326717376709
Case1501,8,Sentara_Genetic Testing - Preconceptional-Prenatal-Preimplantation Commerical - Medical 34D.pdf,0.5194202661514282
Case1501,9,Sentara_Genetic Testing - Preconceptional-Prenatal-Preimplantation Medicare - Medical 34D.pdf,0.5194202661514282
Case1501,10,Sentara_Genetic Testing - Preconceptional-Prenatal-Preimplantation Medicaid - Medical 34D.pdf,0.5256656408309937
Case10451,1,BCBS_FEP_204102 Whole Exome and.pdf,0.6370028257369995
Case10451,2,Cigna_MOL.TS_.235.C_Whole_Exome_Sequencing_Cigna_eff01.01.2025_pub09.20.2024.pdf,0.5901999473571777
Case10451,3,Cigna_MOL.TS_.306.C_Whole_Genome_Sequencing_Cigna_eff01.01.2025_pub09.10.2024.pdf,0.5575884580612183
Case10451,4,BCBS_FEP_20459 Genetic Testing for Developmental.pdf,0.6523739695549011
Case10451,5,Oklahoma Medicaid_Genetic Molecular Pathology Guideline 3-7-2023.pdf,0.5701495409011841
Case10451,6,Neighborhood Health Plan of Rhode island_GeneticTesting.pdf,0.5869532823562622
Case10451,7,Neighborhood Health Plan of Rhode island_GeneticTesting2.pdf,0.567387580871582
Case10451,8,CapitalBC_medical-policy-genetic-testing-for-epilepsy.pdf,0.5906322002410889
Case10451,9,CapitalBC_medical-policy-genetic-testing-for-neurofibromatosis.pdf,0.5484790205955505
Case10451,10,Asuris_Northwest_Health_Conceptio_Pregnancy_Loss.pdf,0.6102696657180786
Case4262,1,BCBS_FEP_204102 Whole Exome and.pdf,0.5831608176231384
Case4262,2,Medica_Genetic-Testing-for-Exome-and-Genome-Sequencing-for-the-Diagnosis-of-Genetic-Disorders.pdf,0.5775273442268372
Case4262,3,Oklahoma Medicaid_Genetic Molecular Pathology Guideline 3-7-2023.pdf,0.5793566107749939
Case4262,4,Blue Shield of California_Blue Shield of California Promise Health Plan_Genetic-Test-Gastroenterologic-Disorders.pdf,0.5648021697998047
Case4262,5,Neighborhood Health Plan of Rhode island_GeneticTesting.pdf,0.585789144039154
Case4262,6,Neighborhood Health Plan of Rhode island_GeneticTesting2.pdf,0.5835863351821899
Case4262,7,BCBS_FEP_20402 Germline Genetic Testing for.pdf,0.5678125619888306
Case4262,8,Capital Health Plan_Lynch Syndrome.pdf,0.5761574506759644
Case4262,9,Asuris_Northwest_Health_Conceptio_Pregnancy_Loss.pdf,0.586951494216919
Case4262,10,Oregon Medicaaid_Prioritized-List-Prenatal-Genetic-Testing.pdf,0.5770668387413025
Case19321,1,BCBS_FEP_204102 Whole Exome and.pdf,0.5825430154800415
Case19321,2,V2.2023 Concert Genetic Testing- Exome & Genome Sequencing for Dx of Genetic Disorders.pdf,0.5303002595901489
Case19321,3,Cigna_MOL.TS_.235.C_Whole_Exome_Sequencing_Cigna_eff01.01.2025_pub09.20.2024.pdf,0.5693386793136597
Case19321,4,Cigna_MOL.TS_.306.C_Whole_Genome_Sequencing_Cigna_eff01.01.2025_pub09.10.2024.pdf,0.5114949941635132
Case19321,5,BCBS_FEP_20459 Genetic Testing for Developmental.pdf,0.5873476266860962
Case19321,6,Neighborhood Health Plan of Rhode island_GeneticTesting.pdf,0.5263389348983765
Case19321,7,CapitalBC_medical-policy-genetic-testing-for-epilepsy.pdf,0.58250492811203
Case19321,8,Asuris_Northwest_Health_Conceptio_Pregnancy_Loss.pdf,0.5831760168075562
Case19321,9,Capital Health Plan_Lynch Syndrome.pdf,0.5453352332115173
Case19321,10,Ameriheath_Caritas_PA_ccp1235-genetic-testing-hereditary-cancer-susceptibility.pdf,0.5216024518013
Case11795,1,BCBS_FEP_204102 Whole Exome and.pdf,0.6187495589256287
Case11795,2,BCBS_FEP_20459 Genetic Testing for Developmental.pdf,0.6425603628158569
Case11795,3,BCBS_MN_VI-16-014.pdf,0.5817811489105225
Case11795,4,Oklahoma Medicaid_Genetic Molecular Pathology Guideline 3-7-2023.pdf,0.6135355234146118
Case11795,5,BCBS_FEP_20402 Germline Genetic Testing for.pdf,0.5899091362953186
Case11795,6,BCBS_FEP_204107 Carrier Screening for Genetic.pdf,0.5845622420310974
Case11795,7,Neighborhood Health Plan of Rhode island_GeneticTesting.pdf,0.6163402795791626
Case11795,8,Neighborhood Health Plan of Rhode island_GeneticTesting2.pdf,0.6041721105575562
Case11795,9,Capital Health Plan_Lynch Syndrome.pdf,0.5890911221504211
Case11795,10,Asuris_Northwest_Health_Conceptio_Pregnancy_Loss.pdf,0.6064465641975403
Case9349,1,BCBS_FEP_204102 Whole Exome and.pdf,0.5433824062347412
Case9349,2,BCBS_HW_GTM Genetic Testing for Inherited Cardiomyopathies and Channelopathies AHS-M2025 2023-0601_v2.pdf,0.5474429130554199
Case9349,3,V2.2023 Concert Genetic Testing- Cardiac Disorders.pdf,0.5215356349945068
Case9349,4,CapitalBC_whole-exome-and-whole-genome-sequencing-for-diagnosis-of-genetic-disorders.pdf,0.5483051538467407
Case9349,5,BCBS_FEP_204129 Genetic Testing for Marfan.pdf,0.5460165143013
Case9349,6,BCBS_HW_GTM Genetic Testing for Connective Tissue Disorders AHS–M2144 2025-0201.pdf,0.5168308019638062
Case9349,7,Oklahoma Medicaid_Genetic Molecular Pathology Guideline 3-7-2023.pdf,0.572311520576477
Case9349,8,Blue Shield of California_Blue Shield of California Promise Health Plan_Genetic-Test-Gastroenterologic-Disorders.pdf,0.5160208940505981
Case9349,9,BCBS_FEP_20402 Germline Genetic Testing for.pdf,0.5352976322174072
Case9349,10,Capital Health Plan_Lynch Syndrome.pdf,0.5282001495361328
Case14127,1,BCBS_FEP_204102 Whole Exome and.pdf,0.5644531846046448
Case14127,2,BCBS_FEP_20459 Genetic Testing for Developmental.pdf,0.5354072451591492
Case14127,3,Cigna_MOL.TS_.269.A_Autism_eff01.01.2025_pub09.12.2024_0.pdf,0.52665114402771
Case14127,4,CapitalBC_medical-policy-genetic-testing-for-epilepsy.pdf,0.6191401481628418
Case14127,5,BCBS_FEP_204109 Genetic Testing for Epilepsy.pdf,0.5605065226554871
Case14127,6,Oklahoma Medicaid_Genetic Molecular Pathology Guideline 3-7-2023.pdf,0.5236533284187317
Case14127,7,Neighborhood Health Plan of Rhode island_GeneticTesting.pdf,0.5396147966384888
Case14127,8,BCBS_HW_GTM Testing for Autism Spectrum Disorder and Developmental Delay AHS-M2176 2023-0601_v2.pdf,0.5572454333305359
Case14127,9,Dean_HealthPlan_Genetic-Testing-Hematologic-9595.pdf,0.5238184928894043
Case14127,10,BCBS_HW_GTM Genetic Testing of CADASIL Syndrome AHS-M2069 2023-0601_v2.pdf,0.5328755378723145
Case950,1,BCBS_FEP_204102 Whole Exome and.pdf,0.5976434350013733
Case950,2,V2.2023 Concert Genetic Testing- Exome & Genome Sequencing for Dx of Genetic Disorders.pdf,0.5446797609329224
Case950,3,CapitalBC_medical-policy-genetic-testing-for-epilepsy.pdf,0.7409919500350952
Case950,4,BCBS_FEP_204109 Genetic Testing for Epilepsy.pdf,0.6152247190475464
Case950,5,Oklahoma Medicaid_Genetic Molecular Pathology Guideline 3-7-2023.pdf,0.5495839715003967
Case950,6,Blue Cross Idaho_02.04.116_08-29-24.pdf,0.5430700778961182
Case950,7,Ameriheath_Caritas_PA_ccp1235-genetic-testing-hereditary-cancer-susceptibility.pdf,0.5861526131629944
Case950,8,Ameriheath_Caritas_PA_ccp1121-genetic-testing-prostate-cancer-prognosis.pdf,0.5896496772766113
Case950,9,Capital Health Plan_Lynch Syndrome.pdf,0.557965874671936
Case950,10,BCBS_FEP_20408 Genetic Testing for Lynch.pdf,0.5462116003036499
Case15834,1,BCBS_FEP_204102 Whole Exome and.pdf,0.5861634612083435
Case15834,2,BCBS_HW_GTM Whole Genome and Whole Exome Sequencing AHS-M2032 2025-0201.pdf,0.5722078084945679
Case15834,3,Medica_Genetic-Testing-for-Exome-and-Genome-Sequencing-for-the-Diagnosis-of-Genetic-Disorders.pdf,0.5515249967575073
Case15834,4,BCBS_FEP_20459 Genetic Testing for Developmental.pdf,0.569778561592102
Case15834,5,Oklahoma Medicaid_Genetic Molecular Pathology Guideline 3-7-2023.pdf,0.5608842968940735
Case15834,6,Neighborhood Health Plan of Rhode island_GeneticTesting.pdf,0.6375892162322998
Case15834,7,Neighborhood Health Plan of Rhode island_GeneticTesting2.pdf,0.5873852372169495
Case15834,8,BCBS_FEP_20483 Genetic Testing for FMR1.pdf,0.5628075003623962
Case15834,9,CapitalBC_medical-policy-genetic-testing-for-epilepsy.pdf,0.5729362964630127
Case15834,10,Asuris_Northwest_Health_Conceptio_Pregnancy_Loss.pdf,0.5579977035522461
Case14371,1,BCBS_FEP_204102 Whole Exome and.pdf,0.6297762393951416
Case14371,2,BCBS_HW_GTM Whole Genome and Whole Exome Sequencing AHS-M2032 2025-0201.pdf,0.5717363953590393
Case14371,3,Cigna_MOL.TS_.235.C_Whole_Exome_Sequencing_Cigna_eff01.01.2025_pub09.20.2024.pdf,0.6112825870513916
Case14371,4,BCBS_FEP_20483 Genetic Testing for FMR1.pdf,0.5599706768989563
Case14371,5,Neighborhood Health Plan of Rhode island_GeneticTesting.pdf,0.6292228698730469
Case14371,6,Neighborhood Health Plan of Rhode island_GeneticTesting2.pdf,0.6132020950317383
Case14371,7,CapitalBC_medical-policy-genetic-testing-for-epilepsy.pdf,0.6168296933174133
Case14371,8,Ameriheath_Caritas_PA_ccp1235-genetic-testing-hereditary-cancer-susceptibility.pdf,0.5617104768753052
Case14371,9,HealthParners_prenatal and preconception carrier screening.pdf,0.555814266204834
Case14371,10,Asuris_Northwest_Health_Conceptio_Pregnancy_Loss.pdf,0.5611603856086731
Case1130,1,CapitalBC_medical-policy-genetic-testing-for-epilepsy.pdf,0.6281960010528564
Case1130,2,Medica_Genetic-Testing-for-Exome-and-Genome-Sequencing-for-the-Diagnosis-of-Genetic-Disorders.pdf,0.5389845967292786
Case1130,3,Oklahoma Medicaid_Genetic Molecular Pathology Guideline 3-7-2023.pdf,0.5562798976898193
Case1130,4,BCBS_FEP_204102 Whole Exome and.pdf,0.5545667409896851
Case1130,5,BCBS_FEP_20402 Germline Genetic Testing for.pdf,0.5392640829086304
Case1130,6,Neighborhood Health Plan of Rhode island_GeneticTesting2.pdf,0.5450953245162964
Case1130,7,Ameriheath_Caritas_PA_ccp1235-genetic-testing-hereditary-cancer-susceptibility.pdf,0.5961794853210449
Case1130,8,BCBS_HW_GTM Lynch Syndrome AHS–M2004 2025-0201.pdf,0.5466417074203491
Case1130,9,Capital Health Plan_Lynch Syndrome.pdf,0.543743371963501
Case1130,10,Asuris_Northwest_Health_Conceptio_Pregnancy_Loss.pdf,0.5541293621063232
Case11514,1,Blue Shield of California_Blue Shield of California Promise Health Plan_Genetic-Test-Gastroenterologic-Disorders.pdf,0.5761772394180298
Case11514,2,BCBS_NE_V68.pdf,0.5471361875534058
Case11514,3,CapitalBC_medical-policy-2-248.pdf,0.562037467956543
Case11514,4,Oklahoma Medicaid_Genetic Molecular Pathology Guideline 3-7-2023.pdf,0.5869327187538147
Case11514,5,BCBS_FEP_20459 Genetic Testing for Developmental.pdf,0.549741804599762
Case11514,6,Ameriheath_Caritas_PA_ccp1235-genetic-testing-hereditary-cancer-susceptibility.pdf,0.5608538389205933
Case11514,7,BCBS_FEP_204139 Genetic Testing for Heterozygous.pdf,0.5782201290130615
Case11514,8,BCBS_FEP_204107 Carrier Screening for Genetic.pdf,0.5453217029571533
Case11514,9,Cigna_MOL.TS_.302.A_SPRED1_Legius_Syndrome_Genetic_Testing_eff01.01.2025_pub09.10.2024_1.pdf,0.5464296340942383
Case11514,10,Cigna_MOL.CU_.112.A_Genetic_Testing_for_Prenatal_Screening_and_Diagnostic_Testing_eff01.01.2025_09.12.2024_0.pdf,0.5621848702430725
Case13675,1,BCBS_FEP_204102 Whole Exome and.pdf,0.5707567930221558
Case13675,2,CapitalBC_whole-exome-and-whole-genome-sequencing-for-diagnosis-of-genetic-disorders.pdf,0.5720391273498535
Case13675,3,CapitalBC_medical-policy-genetic-testing-for-hereditary-hearing-loss.pdf,0.5630552768707275
Case13675,4,Dean_HealthPlan_Genetic-Testing-Hearing-Loss-9594.pdf,0.5734230875968933
Case13675,5,BCBS_NE_V35.pdf,0.6069962382316589
Case13675,6,BCBS_HW_GTM Genetic Testing for Inherited Cardiomyopathies and Channelopathies AHS-M2025 2023-0601_v2.pdf,0.6207526922225952
Case13675,7,oxford_gene-expression-tests-cardiac-conditions-ohp.pdf,0.565029501914978
Case13675,8,Sentara_Genetic Testing - Preconceptional-Prenatal-Preimplantation Commerical - Medical 34D.pdf,0.5666859745979309
Case13675,9,Sentara_Genetic Testing - Preconceptional-Prenatal-Preimplantation Medicare - Medical 34D.pdf,0.5666859745979309
Case13675,10,Sentara_Genetic Testing - Preconceptional-Prenatal-Preimplantation Medicaid - Medical 34D.pdf,0.5787001848220825
Case3474,1,CapitalBC_whole-exome-and-whole-genome-sequencing-for-diagnosis-of-genetic-disorders.pdf,0.5541766881942749
Case3474,2,South Carolina Medicaid_Genetic testing.pdf,0.5359292030334473
Case3474,3,BCBS_NE_V35.pdf,0.5801770091056824
Case3474,4,Blue Shield of California_Blue Shield of California Promise Health Plan_Genetic-Test-Gastroenterologic-Disorders.pdf,0.5603253841400146
Case3474,5,Sentara_Genetic Testing - Preconceptional-Prenatal-Preimplantation Medicaid - Medical 34D.pdf,0.6119598150253296
Case3474,6,Oklahoma Medicaid_Genetic Molecular Pathology Guideline 3-7-2023.pdf,0.5486809611320496
Case3474,7,Sentara_Genetic Testing - Preconceptional-Prenatal-Preimplantation Commerical - Medical 34D.pdf,0.605837345123291
Case3474,8,Sentara_Genetic Testing - Preconceptional-Prenatal-Preimplantation Medicare - Medical 34D.pdf,0.605837345123291
Case3474,9,Dean_HealthPlan_Genetic-Testing-Hearing-Loss-9594.pdf,0.537651777267456
Case3474,10,Capital Health Plan_Lynch Syndrome.pdf,0.5338834524154663
Case13983,1,BCBS_FEP_204102 Whole Exome and.pdf,0.5727749466896057
Case13983,2,CapitalBC_whole-exome-and-whole-genome-sequencing-for-diagnosis-of-genetic-disorders.pdf,0.5553205013275146
Case13983,3,BCBS_HW_GTM Genetic Testing for Inherited Cardiomyopathies and Channelopathies AHS-M2025 2023-0601_v2.pdf,0.5946308374404907
Case13983,4,CapitalBC_medical-policy-genetic-testing-for-epilepsy.pdf,0.5709373950958252
Case13983,5,Oklahoma Medicaid_Genetic Molecular Pathology Guideline 3-7-2023.pdf,0.6103132367134094
Case13983,6,Blue Cross Idaho_02.04.107_09-26-24.pdf,0.583655595779419
Case13983,7,BCBS_MN_VI-16-014.pdf,0.5624904036521912
Case13983,8,BCBS_FEP_20402 Germline Genetic Testing for.pdf,0.5748980045318604
Case13983,9,BCBS_FEP_204107 Carrier Screening for Genetic.pdf,0.5676499605178833
Case13983,10,Oregon Medicaaid_Prioritized-List-Prenatal-Genetic-Testing.pdf,0.5596565008163452
Case11981,1,BCBS_FEP_204102 Whole Exome and.pdf,0.5612338781356812
Case11981,2,CapitalBC_whole-exome-and-whole-genome-sequencing-for-diagnosis-of-genetic-disorders.pdf,0.557018518447876
Case11981,3,Ameriheath_Caritas_PA_ccp1235-genetic-testing-hereditary-cancer-susceptibility.pdf,0.5714920163154602
Case11981,4,Oklahoma Medicaid_Genetic Molecular Pathology Guideline 3-7-2023.pdf,0.5519232749938965
Case11981,5,Neighborhood Health Plan of Rhode island_GeneticTesting.pdf,0.5984164476394653
Case11981,6,Neighborhood Health Plan of Rhode island_GeneticTesting2.pdf,0.6196153163909912
Case11981,7,BCBS_FEP_20483 Genetic Testing for FMR1.pdf,0.5617470741271973
Case11981,8,BCBS_HW_GTM Genetic Testing for FMR1 Mutations AHS-M2028 2023-0601_v2.pdf,0.5416821241378784
Case11981,9,Cigna_MOL.TS_.302.A_SPRED1_Legius_Syndrome_Genetic_Testing_eff01.01.2025_pub09.10.2024_1.pdf,0.5240806341171265
Case11981,10,Asuris_Northwest_Health_Conceptio_Pregnancy_Loss.pdf,0.5340942144393921
Case10427,1,Cigna_MOL.TS_.306.C_Whole_Genome_Sequencing_Cigna_eff01.01.2025_pub09.10.2024.pdf,0.522723913192749
Case10427,2,AIHP_Arizona_Medicaid.pdf,0.5367617607116699
Case10427,3,BCBS_FEP_20459 Genetic Testing for Developmental.pdf,0.5745009183883667
Case10427,4,Blue Shield of California_Blue Shield of California Promise Health Plan_Genetic-Test-Gastroenterologic-Disorders.pdf,0.511642336845398
Case10427,5,Neighborhood Health Plan of Rhode island_GeneticTesting.pdf,0.5183846354484558
Case10427,6,Oklahoma Medicaid_Genetic Molecular Pathology Guideline 3-7-2023.pdf,0.5216089487075806
Case10427,7,BCBS_FEP_204109 Genetic Testing for Epilepsy.pdf,0.5294018983840942
Case10427,8,CapitalBC_medical-policy-genetic-testing-for-epilepsy.pdf,0.5258899331092834
Case10427,9,Cigna_MOL.CU_.112.A_Genetic_Testing_for_Prenatal_Screening_and_Diagnostic_Testing_eff01.01.2025_09.12.2024_0.pdf,0.5232311487197876
Case10427,10,Oregon Medicaaid_Prioritized-List-Prenatal-Genetic-Testing.pdf,0.540864109992981
Case17822,1,BCBS_FEP_204102 Whole Exome and.pdf,0.600249707698822
Case17822,2,CapitalBC_whole-exome-and-whole-genome-sequencing-for-diagnosis-of-genetic-disorders.pdf,0.6382676362991333
Case17822,3,BCBS_FEP_20459 Genetic Testing for Developmental.pdf,0.6072511076927185
Case17822,4,Oklahoma Medicaid_Genetic Molecular Pathology Guideline 3-7-2023.pdf,0.6006656885147095
Case17822,5,Neighborhood Health Plan of Rhode island_GeneticTesting.pdf,0.5666952133178711
Case17822,6,Neighborhood Health Plan of Rhode island_GeneticTesting2.pdf,0.5853438377380371
Case17822,7,Blue Shield of California_Blue Shield of California Promise Health Plan_Genetic-Test-Gastroenterologic-Disorders.pdf,0.598295271396637
Case17822,8,Asuris_Northwest_Health_Conceptio_Pregnancy_Loss.pdf,0.6509243249893188
Case17822,9,BCBS_FEP_204107 Carrier Screening for Genetic.pdf,0.566685676574707
Case17822,10,BCBS_FEP_204154 Germline Genetic Testing for Hereditary.pdf,0.5695266723632812
Case6747,1,BCBS_FEP_204102 Whole Exome and.pdf,0.5533385872840881
Case6747,2,CapitalBC_whole-exome-and-whole-genome-sequencing-for-diagnosis-of-genetic-disorders.pdf,0.5778636932373047
Case6747,3,BCBS_FEP_20459 Genetic Testing for Developmental.pdf,0.614781379699707
Case6747,4,BCBS_FEP_204107 Carrier Screening for Genetic.pdf,0.5563274621963501
Case6747,5,Neighborhood Health Plan of Rhode island_GeneticTesting.pdf,0.5657209753990173
Case6747,6,Neighborhood Health Plan of Rhode island_GeneticTesting2.pdf,0.5684205293655396
Case6747,7,Blue Cross Idaho_02.04.107_09-26-24.pdf,0.5558892488479614
Case6747,8,Blue Shield of California_Blue Shield of California Promise Health Plan_Genetic-Test-Gastroenterologic-Disorders.pdf,0.5717385411262512
Case6747,9,BCBS_MI2.pdf,0.5843555927276611
Case6747,10,Asuris_Northwest_Health_Conceptio_Pregnancy_Loss.pdf,0.6371551752090454
Case15938,1,BCBS_FEP_204102 Whole Exome and.pdf,0.540851354598999
Case15938,2,CapitalBC_whole-exome-and-whole-genome-sequencing-for-diagnosis-of-genetic-disorders.pdf,0.5862810611724854
Case15938,3,Blue Shield of California_Blue Shield of California Promise Health Plan_Genetic-Test-Gastroenterologic-Disorders.pdf,0.5180695056915283
Case15938,4,PA Medicaid_V1_07.13.21_FINAL_PA.CP.MP.89 Genetic and Pharmacogenetic Testing_REV_2.26.2021_GK Jr_CLEAN_4.28.2021.CJW (1).pdf,0.5315659046173096
Case15938,5,South Carolina Medicaid_Genetic testing.pdf,0.5335988402366638
Case15938,6,Sentara_Genetic Testing - Preconceptional-Prenatal-Preimplantation Medicaid - Medical 34D.pdf,0.5160313844680786
Case15938,7,Oklahoma Medicaid_Genetic Molecular Pathology Guideline 3-7-2023.pdf,0.5377359390258789
Case15938,8,Blue Cross Idaho_02.04.107_09-26-24.pdf,0.5194472074508667
Case15938,9,CapitalBC_medical-policy-genetic-testing-for-epilepsy.pdf,0.5176935195922852
Case15938,10,Capital Health Plan_Lynch Syndrome.pdf,0.5119510889053345
Case18868,1,BCBS_HW_GTM General Genetic Testing - Germline Disorders AHS-M2145 2025-0201.pdf,0.5934833288192749
Case18868,2,Ameriheath_Caritas_PA_ccp1235-genetic-testing-hereditary-cancer-susceptibility.pdf,0.6857816576957703
Case18868,3,CapitalBC_BRCA.pdf,0.6205534338951111
Case18868,4,BCBS_MN_VI-16-014.pdf,0.6018840074539185
Case18868,5,Oklahoma Medicaid_Genetic Molecular Pathology Guideline 3-7-2023.pdf,0.6036503314971924
Case18868,6,Capital Health Plan_Lynch Syndrome.pdf,0.6036877632141113
Case18868,7,BCBS_FEP_20408 Genetic Testing for Lynch.pdf,0.6103082895278931
Case18868,8,BCBS_HW_GTM Lynch Syndrome AHS–M2004 2025-0201.pdf,0.597909688949585
Case18868,9,Blue Shield of California_Blue Shield of California Promise Health Plan_Genetic-Test-Gastroenterologic-Disorders.pdf,0.6181536912918091
Case18868,10,BCBS_FEP_204154 Germline Genetic Testing for Hereditary.pdf,0.6315008997917175
Case2162,1,BCBS_FEP_204102 Whole Exome and.pdf,0.5979014039039612
Case2162,2,CapitalBC_whole-exome-and-whole-genome-sequencing-for-diagnosis-of-genetic-disorders.pdf,0.6228329539299011
Case2162,3,BCBS_FEP_20459 Genetic Testing for Developmental.pdf,0.5608221888542175
Case2162,4,BCBS_FEP_20483 Genetic Testing for FMR1.pdf,0.546556293964386
Case2162,5,BCBS_HW_GTM Genetic Testing for FMR1 Mutations AHS-M2028 2023-0601_v2.pdf,0.6001975536346436
Case2162,6,Oklahoma Medicaid_Genetic Molecular Pathology Guideline 3-7-2023.pdf,0.5679354667663574
Case2162,7,Neighborhood Health Plan of Rhode island_GeneticTesting.pdf,0.6490720510482788
Case2162,8,Neighborhood Health Plan of Rhode island_GeneticTesting2.pdf,0.6279037594795227
Case2162,9,Blue Shield of California_Blue Shield of California Promise Health Plan_Genetic-Test-Gastroenterologic-Disorders.pdf,0.5523934364318848
Case2162,10,Asuris_Northwest_Health_Conceptio_Pregnancy_Loss.pdf,0.573146402835846
Case7447,1,BCBS_FEP_204102 Whole Exome and.pdf,0.606099009513855
Case7447,2,CapitalBC_whole-exome-and-whole-genome-sequencing-for-diagnosis-of-genetic-disorders.pdf,0.5682218670845032
Case7447,3,BCBS_NE_V66.pdf,0.56927090883255
Case7447,4,BCBS_HW_GTM Genetic Testing for Inherited Cardiomyopathies and Channelopathies AHS-M2025 2023-0601_v2.pdf,0.5669515132904053
Case7447,5,Neighborhood Health Plan of Rhode island_GeneticTesting2.pdf,0.6124440431594849
Case7447,6,Neighborhood Health Plan of Rhode island_GeneticTesting.pdf,0.604758620262146
Case7447,7,Oklahoma Medicaid_Genetic Molecular Pathology Guideline 3-7-2023.pdf,0.5922973155975342
Case7447,8,Asuris_Northwest_Health_Conceptio_Pregnancy_Loss.pdf,0.6070821285247803
Case7447,9,BCBS_FEP_20402 Germline Genetic Testing for.pdf,0.5648708343505859
Case7447,10,BCBS_FEP_204154 Germline Genetic Testing for Hereditary.pdf,0.5647760629653931
Case5380,1,BCBS_FEP_204102 Whole Exome and.pdf,0.5522615313529968
Case5380,2,CapitalBC_whole-exome-and-whole-genome-sequencing-for-diagnosis-of-genetic-disorders.pdf,0.5267221927642822
Case5380,3,CapitalBC_medical-policy-genetic-testing-for-epilepsy.pdf,0.5513032078742981
Case5380,4,BCBS_FEP_204109 Genetic Testing for Epilepsy.pdf,0.5241205096244812
Case5380,5,BCBS_FEP_20459 Genetic Testing for Developmental.pdf,0.6156792044639587
Case5380,6,Neighborhood Health Plan of Rhode island_GeneticTesting.pdf,0.5320225954055786
Case5380,7,Neighborhood Health Plan of Rhode island_GeneticTesting2.pdf,0.5368860960006714
Case5380,8,BCBS_HW_GTM Genetic Testing for Inherited Cardiomyopathies and Channelopathies AHS-M2025 2023-0601_v2.pdf,0.5186834931373596
Case5380,9,Cigna_MOL.TS_.302.A_SPRED1_Legius_Syndrome_Genetic_Testing_eff01.01.2025_pub09.10.2024_1.pdf,0.5021305084228516
Case5380,10,Asuris_Northwest_Health_Conceptio_Pregnancy_Loss.pdf,0.5776907205581665
Case3465,1,BCBS_NE_V35.pdf,0.5742097496986389
Case3465,2,United Healthcare_genetic-testing-cardiac-disease.pdf,0.5881885290145874
Case3465,3,Oklahoma Medicaid_Genetic Molecular Pathology Guideline 3-7-2023.pdf,0.5651092529296875
Case3465,4,BCBS_HW_GTM Genetic Testing for FMR1 Mutations AHS-M2028 2023-0601_v2.pdf,0.6199209690093994
Case3465,5,BCBS_HW_GTM Genetic Testing for Inherited Cardiomyopathies and Channelopathies AHS-M2025 2023-0601_v2.pdf,0.619828999042511
Case3465,6,CapitalBC_Cardiac ion channelopathies.pdf,0.5921592712402344
Case3465,7,oxford_gene-expression-tests-cardiac-conditions-ohp.pdf,0.6087206602096558
Case3465,8,Neighborhood Health Plan of Rhode island_GeneticTesting.pdf,0.6408590078353882
Case3465,9,Neighborhood Health Plan of Rhode island_GeneticTesting2.pdf,0.6225545406341553
Case3465,10,HealthParners_prenatal and preconception carrier screening.pdf,0.5749832987785339
Case5885,1,BCBS_FEP_204102 Whole Exome and.pdf,0.5348798036575317
Case5885,2,United Healthcare_genetic-testing-cardiac-disease.pdf,0.5680579543113708
Case5885,3,oxford_gene-expression-tests-cardiac-conditions-ohp.pdf,0.6131992340087891
Case5885,4,BCBS_HW_GTM Genetic Testing for Inherited Cardiomyopathies and Channelopathies AHS-M2025 2023-0601_v2.pdf,0.5921686887741089
Case5885,5,CapitalBC_Cardiac ion channelopathies.pdf,0.562875509262085
Case5885,6,Oklahoma Medicaid_Genetic Molecular Pathology Guideline 3-7-2023.pdf,0.5379705429077148
Case5885,7,Neighborhood Health Plan of Rhode island_GeneticTesting2.pdf,0.5692408084869385
Case5885,8,Neighborhood Health Plan of Rhode island_GeneticTesting.pdf,0.5590798854827881
Case5885,9,BCBS_HW_GTM Genetic Testing for FMR1 Mutations AHS-M2028 2023-0601_v2.pdf,0.565280556678772
Case5885,10,HealthParners_prenatal and preconception carrier screening.pdf,0.54852294921875
Case19162,1,BCBS_FEP_204102 Whole Exome and.pdf,0.5938153862953186
Case19162,2,BCBS_FEP_20459 Genetic Testing for Developmental.pdf,0.5497586131095886
Case19162,3,CapitalBC_whole-exome-and-whole-genome-sequencing-for-diagnosis-of-genetic-disorders.pdf,0.553000807762146
Case19162,4,Blue Shield of California_Blue Shield of California Promise Health Plan_Genetic-Test-Gastroenterologic-Disorders.pdf,0.5615726113319397
Case19162,5,Oklahoma Medicaid_Genetic Molecular Pathology Guideline 3-7-2023.pdf,0.55633145570755
Case19162,6,Neighborhood Health Plan of Rhode island_GeneticTesting.pdf,0.6130081415176392
Case19162,7,Neighborhood Health Plan of Rhode island_GeneticTesting2.pdf,0.6177408695220947
Case19162,8,BCBS_HW_GTM Genetic Testing for FMR1 Mutations AHS-M2028 2023-0601_v2.pdf,0.5678056478500366
Case19162,9,Cigna_MOL.TS_.144.A_CADASIL_Testing_eff01.01.2025_pub09.10.2024_1.pdf,0.5497630834579468
Case19162,10,Cigna_MOL.TS_.302.A_SPRED1_Legius_Syndrome_Genetic_Testing_eff01.01.2025_pub09.10.2024_1.pdf,0.545991063117981
Case7604,1,BCBS_FEP_204102 Whole Exome and.pdf,0.5776033401489258
Case7604,2,CapitalBC_whole-exome-and-whole-genome-sequencing-for-diagnosis-of-genetic-disorders.pdf,0.5843961238861084
Case7604,3,Oklahoma Medicaid_Genetic Molecular Pathology Guideline 3-7-2023.pdf,0.554516077041626
Case7604,4,Blue Cross Idaho_02.04.107_09-26-24.pdf,0.5331879258155823
Case7604,5,BCBS_MI2.pdf,0.5889133214950562
Case7604,6,Cigna_MOL.CU_.112.A_Genetic_Testing_for_Prenatal_Screening_and_Diagnostic_Testing_eff01.01.2025_09.12.2024_0.pdf,0.516414999961853
Case7604,7,Oregon Medicaaid_Prioritized-List-Prenatal-Genetic-Testing.pdf,0.5228995084762573
Case7604,8,Asuris_Northwest_Health_Conceptio_Pregnancy_Loss.pdf,0.5444945693016052
Case7604,9,Blue Shield of California_Blue Shield of California Promise Health Plan_Genetic-Test-Gastroenterologic-Disorders.pdf,0.5543383359909058
Case7604,10,BCBS_HW_GTM Genetic Testing for CHARGE Syndrome AHS–M2070 2023-0601_v2.pdf,0.5218933820724487
Case8661,1,Dean_HealthPlan_Genetic-Testing-Hearing-Loss-9594.pdf,0.5530401468276978
Case8661,2,BCBS_NE_V35.pdf,0.6057198643684387
Case8661,3,Sentara_Genetic Testing - Preconceptional-Prenatal-Preimplantation Medicaid - Medical 34D.pdf,0.5558898448944092
Case8661,4,CapitalBC_medical-policy-genetic-testing-for-epilepsy.pdf,0.5788171291351318
Case8661,5,BCBS_FEP_204109 Genetic Testing for Epilepsy.pdf,0.5710230469703674
Case8661,6,Neighborhood Health Plan of Rhode island_GeneticTesting2.pdf,0.6467098593711853
Case8661,7,Neighborhood Health Plan of Rhode island_GeneticTesting.pdf,0.6400159597396851
Case8661,8,HealthParners_prenatal and preconception carrier screening.pdf,0.5640994310379028
Case8661,9,BCBS_HW_GTM Genetic Testing for FMR1 Mutations AHS-M2028 2023-0601_v2.pdf,0.5882652997970581
Case8661,10,BCBS_FEP_20483 Genetic Testing for FMR1.pdf,0.5684927701950073
Case10850,1,CapitalBC_whole-exome-and-whole-genome-sequencing-for-diagnosis-of-genetic-disorders.pdf,0.5742766261100769
Case10850,2,South Carolina Medicaid_Genetic testing.pdf,0.5550485253334045
Case10850,3,BCBS_HW_GTM Testing for Autism Spectrum Disorder and Developmental Delay AHS-M2176 2023-0601_v2.pdf,0.5437887907028198
Case10850,4,Blue Shield of California_Blue Shield of California Promise Health Plan_Genetic-Test-Gastroenterologic-Disorders.pdf,0.5626449584960938
Case10850,5,Neighborhood Health Plan of Rhode island_GeneticTesting2.pdf,0.5541068911552429
Case10850,6,Neighborhood Health Plan of Rhode island_GeneticTesting.pdf,0.5425482988357544
Case10850,7,Oklahoma Medicaid_Genetic Molecular Pathology Guideline 3-7-2023.pdf,0.5655791759490967
Case10850,8,Ameriheath_Caritas_PA_ccp1235-genetic-testing-hereditary-cancer-susceptibility.pdf,0.5534008741378784
Case10850,9,BCBS_FEP_204154 Germline Genetic Testing for Hereditary.pdf,0.5570567846298218
Case10850,10,Oregon Medicaaid_Prioritized-List-Prenatal-Genetic-Testing.pdf,0.5430010557174683
Case13406,1,BCBS_FEP_204102 Whole Exome and.pdf,0.5885213613510132
Case13406,2,CapitalBC_whole-exome-and-whole-genome-sequencing-for-diagnosis-of-genetic-disorders.pdf,0.6310336589813232
Case13406,3,BCBS_FEP_20459 Genetic Testing for Developmental.pdf,0.6194919347763062
Case13406,4,Cigna_MOL.TS_.269.A_Autism_eff01.01.2025_pub09.12.2024_0.pdf,0.558407723903656
Case13406,5,Oklahoma Medicaid_Genetic Molecular Pathology Guideline 3-7-2023.pdf,0.562454104423523
Case13406,6,Neighborhood Health Plan of Rhode island_GeneticTesting.pdf,0.5702974796295166
Case13406,7,Neighborhood Health Plan of Rhode island_GeneticTesting2.pdf,0.565916895866394
Case13406,8,Blue Shield of California_Blue Shield of California Promise Health Plan_Genetic-Test-Gastroenterologic-Disorders.pdf,0.5773661732673645
Case13406,9,Oregon Medicaaid_Prioritized-List-Prenatal-Genetic-Testing.pdf,0.5662720799446106
Case13406,10,Asuris_Northwest_Health_Conceptio_Pregnancy_Loss.pdf,0.6369102597236633
Case7014,1,BCBS_FEP_204102 Whole Exome and.pdf,0.5925552845001221
Case7014,2,CapitalBC_whole-exome-and-whole-genome-sequencing-for-diagnosis-of-genetic-disorders.pdf,0.5798481702804565
Case7014,3,CapitalBC_medical-policy-genetic-testing-for-epilepsy.pdf,0.5500368475914001
Case7014,4,Blue Shield of California_Blue Shield of California Promise Health Plan_Genetic-Test-Gastroenterologic-Disorders.pdf,0.5584474802017212
Case7014,5,Oklahoma Medicaid_Genetic Molecular Pathology Guideline 3-7-2023.pdf,0.5489634275436401
Case7014,6,BCBS_HW_GTM Genetic Testing for Inherited Cardiomyopathies and Channelopathies AHS-M2025 2023-0601_v2.pdf,0.5482823848724365
Case7014,7,BCBS_MI2.pdf,0.5833486318588257
Case7014,8,Sentara_Genetic Testing - Preconceptional-Prenatal-Preimplantation Commerical - Medical 34D.pdf,0.5621904134750366
Case7014,9,Sentara_Genetic Testing - Preconceptional-Prenatal-Preimplantation Medicare - Medical 34D.pdf,0.5621904134750366
Case7014,10,Capital Health Plan_Lynch Syndrome.pdf,0.5519455671310425
Case6451,1,CapitalBC_whole-exome-and-whole-genome-sequencing-for-diagnosis-of-genetic-disorders.pdf,0.4997105002403259
Case6451,2,Cigna_MOL.TS_.306.C_Whole_Genome_Sequencing_Cigna_eff01.01.2025_pub09.10.2024.pdf,0.5088785290718079
Case6451,3,PA Medicaid_V1_07.13.21_FINAL_PA.CP.MP.89 Genetic and Pharmacogenetic Testing_REV_2.26.2021_GK Jr_CLEAN_4.28.2021.CJW (1).pdf,0.5044592022895813
Case6451,4,Neighborhood Health Plan of Rhode island_GeneticTesting.pdf,0.5122578144073486
Case6451,5,Blue Shield of California_Blue Shield of California Promise Health Plan_Genetic-Test-Gastroenterologic-Disorders.pdf,0.5374530553817749
Case6451,6,Sentara_Genetic Testing - Preconceptional-Prenatal-Preimplantation Commerical - Medical 34D.pdf,0.511383056640625
Case6451,7,Sentara_Genetic Testing - Preconceptional-Prenatal-Preimplantation Medicare - Medical 34D.pdf,0.511383056640625
Case6451,8,BCBS_HW_GTM Genetic Testing for Inherited Cardiomyopathies and Channelopathies AHS-M2025 2023-0601_v2.pdf,0.5216785669326782
Case6451,9,BCBS_HW_GTM Genetic Testing for Hereditary Hemochromatosis AHS-M2012 2023-0601_v2.pdf,0.5167881846427917
Case6451,10,Asuris_Northwest_Health_Conceptio_Pregnancy_Loss.pdf,0.5084413886070251
Case18281,1,CapitalBC_whole-exome-and-whole-genome-sequencing-for-diagnosis-of-genetic-disorders.pdf,0.608809769153595
Case18281,2,BCBS_FEP_204102 Whole Exome and.pdf,0.599551796913147
Case18281,3,BCBS_HW_GTM Genetic Testing for Inherited Cardiomyopathies and Channelopathies AHS-M2025 2023-0601_v2.pdf,0.558880090713501
Case18281,4,Oklahoma Medicaid_Genetic Molecular Pathology Guideline 3-7-2023.pdf,0.5705133676528931
Case18281,5,Neighborhood Health Plan of Rhode island_GeneticTesting.pdf,0.6270105838775635
Case18281,6,Neighborhood Health Plan of Rhode island_GeneticTesting2.pdf,0.6606032848358154
Case18281,7,BCBS_HW_GTM Genetic Testing for FMR1 Mutations AHS-M2028 2023-0601_v2.pdf,0.5783604979515076
Case18281,8,BCBS_FEP_20483 Genetic Testing for FMR1.pdf,0.5833282470703125
Case18281,9,Blue Shield of California_Blue Shield of California Promise Health Plan_Genetic-Test-Gastroenterologic-Disorders.pdf,0.5614180564880371
Case18281,10,Asuris_Northwest_Health_Conceptio_Pregnancy_Loss.pdf,0.5586575865745544
Case10363,1,Blue Shield of California_Blue Shield of California Promise Health Plan_Genetic-Test-Gastroenterologic-Disorders.pdf,0.5776355266571045
Case10363,2,Ameriheath_Caritas_PA_ccp1235-genetic-testing-hereditary-cancer-susceptibility.pdf,0.5801365971565247
Case10363,3,Oklahoma Medicaid_Genetic Molecular Pathology Guideline 3-7-2023.pdf,0.5734626054763794
Case10363,4,Neighborhood Health Plan of Rhode island_GeneticTesting2.pdf,0.5681095123291016
Case10363,5,BCBS_FEP_20499 Genetic Testing for Hereditary.pdf,0.5903504490852356
Case10363,6,HealthParners_gastroenterologic.pdf,0.5565827488899231
Case10363,7,BCBS_FEP_20402 Germline Genetic Testing for.pdf,0.5709599852561951
Case10363,8,BCBS_FEP_204148 Germline Genetic Testing for Pancreatic.pdf,0.6173571944236755
Case10363,9,BCBS_FEP_204154 Germline Genetic Testing for Hereditary.pdf,0.599393367767334
Case10363,10,Asuris_Northwest_Health_Conceptio_Pregnancy_Loss.pdf,0.5658295154571533
Case15557,1,BCBS_FEP_204102 Whole Exome and.pdf,0.5815863609313965
Case15557,2,CapitalBC_whole-exome-and-whole-genome-sequencing-for-diagnosis-of-genetic-disorders.pdf,0.5417578220367432
Case15557,3,Oklahoma Medicaid_Genetic Molecular Pathology Guideline 3-7-2023.pdf,0.5442293286323547
Case15557,4,Blue Shield of California_Blue Shield of California Promise Health Plan_Genetic-Test-Gastroenterologic-Disorders.pdf,0.5371686220169067
Case15557,5,Neighborhood Health Plan of Rhode island_GeneticTesting.pdf,0.556309163570404
Case15557,6,Neighborhood Health Plan of Rhode island_GeneticTesting2.pdf,0.5470841526985168
Case15557,7,BCBS_HW_GTM Genetic Testing for CHARGE Syndrome AHS–M2070 2023-0601_v2.pdf,0.5443969368934631
Case15557,8,Cigna_MOL.TS_.302.A_SPRED1_Legius_Syndrome_Genetic_Testing_eff01.01.2025_pub09.10.2024_1.pdf,0.5417236685752869
Case15557,9,BCBS_MI2.pdf,0.5558187961578369
Case15557,10,Asuris_Northwest_Health_Conceptio_Pregnancy_Loss.pdf,0.536567211151123
Case4512,1,BCBS_FEP_204114 Genetic Testing for Idiopathic.pdf,0.5779008865356445
Case4512,2,BCBS_HW_GTM Genetic Testing for Inherited Cardiomyopathies and Channelopathies AHS-M2025 2023-0601_v2.pdf,0.6232957243919373
Case4512,3,V2.2023 Concert Genetic Testing- Cardiac Disorders.pdf,0.5512819290161133
Case4512,4,BCBS_NE_V66.pdf,0.5955259203910828
Case4512,5,BCBS_FEP_204129 Genetic Testing for Marfan.pdf,0.5600613355636597
Case4512,6,BCBS_MN_VI-16-014.pdf,0.5442569255828857
Case4512,7,BCBS_HW_GTM Genetic Testing for CHARGE Syndrome AHS–M2070 2023-0601_v2.pdf,0.5587959289550781
Case4512,8,Oklahoma Medicaid_Genetic Molecular Pathology Guideline 3-7-2023.pdf,0.6051492691040039
Case4512,9,Neighborhood Health Plan of Rhode island_GeneticTesting.pdf,0.5660957098007202
Case4512,10,Blue Shield of California_Blue Shield of California Promise Health Plan_Genetic-Test-Gastroenterologic-Disorders.pdf,0.5610631704330444
Case1428,1,BCBS_FEP_204102 Whole Exome and.pdf,0.5455260872840881
Case1428,2,CapitalBC_whole-exome-and-whole-genome-sequencing-for-diagnosis-of-genetic-disorders.pdf,0.6036183834075928
Case1428,3,BCBS_FEP_20459 Genetic Testing for Developmental.pdf,0.5396146774291992
Case1428,4,BCBS_NE_V35.pdf,0.5545539259910583
Case1428,5,Blue Shield of California_Blue Shield of California Promise Health Plan_Genetic-Test-Gastroenterologic-Disorders.pdf,0.542025089263916
Case1428,6,Neighborhood Health Plan of Rhode island_GeneticTesting2.pdf,0.6139377355575562
Case1428,7,Neighborhood Health Plan of Rhode island_GeneticTesting.pdf,0.6231356859207153
Case1428,8,BCBS_HW_GTM Genetic Testing for FMR1 Mutations AHS-M2028 2023-0601_v2.pdf,0.6193946003913879
Case1428,9,Sentara_Genetic Testing - Preconceptional-Prenatal-Preimplantation Medicaid - Medical 34D.pdf,0.5380125045776367
Case1428,10,HealthParners_prenatal and preconception carrier screening.pdf,0.5397554636001587
Case5605,1,BCBS_FEP_20499 Genetic Testing for Hereditary.pdf,0.5912695527076721
Case5605,2,BCBS_FEP_20493 Genetic Cancer Susceptibility.pdf,0.5528547167778015
Case5605,3,BCBS_FEP_20402 Germline Genetic Testing for.pdf,0.5504273772239685
Case5605,4,BCBS_FEP_204148 Germline Genetic Testing for Pancreatic.pdf,0.5958131551742554
Case5605,5,BCBS_FEP_20408 Genetic Testing for Lynch.pdf,0.5536167621612549
Case5605,6,Oklahoma Medicaid_Genetic Molecular Pathology Guideline 3-7-2023.pdf,0.5599186420440674
Case5605,7,HealthParners_gastroenterologic.pdf,0.5464019775390625
Case5605,8,CapitalBC_BRCA.pdf,0.5431913733482361
Case5605,9,CapitalBC_medical-policy-genetic-testing-for-hereditary-pancreatitis.pdf,0.5427200794219971
Case5605,10,Asuris_Northwest_Health_Conceptio_Pregnancy_Loss.pdf,0.5924607515335083
Case14155,1,BCBS_FEP_20459 Genetic Testing for Developmental.pdf,0.5344364643096924
Case14155,2,South Carolina Medicaid_Genetic testing.pdf,0.49753496050834656
Case14155,3,Driscoll_Genetic-Testing-for-Suspected-Disability.pdf,0.5336587429046631
Case14155,4,Oklahoma Medicaid_Genetic Molecular Pathology Guideline 3-7-2023.pdf,0.5285852551460266
Case14155,5,Neighborhood Health Plan of Rhode island_GeneticTesting2.pdf,0.5189911723136902
Case14155,6,Neighborhood Health Plan of Rhode island_GeneticTesting.pdf,0.5563632249832153
Case14155,7,BCBS_HW_GTM Genetic Testing for Rett Syndrome AHS-M2088 2023-0601_v2.pdf,0.5087693929672241
Case14155,8,CapitalBC_medical-policy-genetic-testing-for-neurofibromatosis.pdf,0.5298505425453186
Case14155,9,BCBS_FEP_20489 Genetic Testing for the.pdf,0.5464499592781067
Case14155,10,Ameriheath_Caritas_PA_ccp1235-genetic-testing-hereditary-cancer-susceptibility.pdf,0.5544989705085754
Case3223,1,BCBS_FEP_20402 Germline Genetic Testing for.pdf,0.652138888835907
Case3223,2,BCBS_HW_GTM Genetic Testing for Breast, Ovarian, Pancreatic, and Prostate Cancers AHS–M2003 2025-0201.pdf,0.5939488410949707
Case3223,3,BCBS_HW_GTM General Genetic Testing - Germline Disorders AHS-M2145 2025-0201.pdf,0.5644265413284302
Case3223,4,BCBS_MN_VI-16-014.pdf,0.6266483068466187
Case3223,5,CapitalBC_BRCA.pdf,0.578035831451416
Case3223,6,Capital Health Plan_BRCA.pdf,0.6367439031600952
Case3223,7,Oklahoma Medicaid_Genetic Molecular Pathology Guideline 3-7-2023.pdf,0.5675657391548157
Case3223,8,Neighborhood Health Plan of Rhode island_GeneticTesting2.pdf,0.589034378528595
Case3223,9,Commonwealthcare_genetictesting.pdf,0.5560992360115051
Case3223,10,BCBS_FEP_204101 Genetic Testing for Li Fraumeni.pdf,0.5408869981765747
Case14195,1,BCBS_FEP_20402 Germline Genetic Testing for.pdf,0.6391849517822266
Case14195,2,BCBS_HW_GTM Genetic Testing for Breast, Ovarian, Pancreatic, and Prostate Cancers AHS–M2003 2025-0201.pdf,0.5480532050132751
Case14195,3,Capital Health Plan_BRCA.pdf,0.6597929000854492
Case14195,4,Neighborhood Health Plan of Rhode island_GeneticTesting2.pdf,0.6068028211593628
Case14195,5,Neighborhood Health Plan of Rhode island_GeneticTesting.pdf,0.5614460706710815
Case14195,6,BCBS_MN_VI-16-014.pdf,0.5736291408538818
Case14195,7,BCBS_HW_GTM General Genetic Testing - Germline Disorders AHS-M2145 2025-0201.pdf,0.5922783017158508
Case14195,8,Oklahoma Medicaid_Genetic Molecular Pathology Guideline 3-7-2023.pdf,0.6027965545654297
Case14195,9,BCBS_FEP_204154 Germline Genetic Testing for Hereditary.pdf,0.5552096962928772
Case14195,10,BCBS_HW_GTM Genetic Testing for Inherited Cardiomyopathies and Channelopathies AHS-M2025 2023-0601_v2.pdf,0.6124464869499207
Case22,1,BCBS_FEP_20402 Germline Genetic Testing for.pdf,0.6662536263465881
Case22,2,BCBS_HW_GTM Genetic Testing for Breast, Ovarian, Pancreatic, and Prostate Cancers AHS–M2003 2025-0201.pdf,0.6055377721786499
Case22,3,Blue Cross Idaho_02.04.002_08-29-24.pdf,0.6097016334533691
Case22,4,BCBS_MN_VI-16-014.pdf,0.6333210468292236
Case22,5,BCBS_HW_GTM General Genetic Testing - Germline Disorders AHS-M2145 2025-0201.pdf,0.6380332112312317
Case22,6,Neighborhood Health Plan of Rhode island_GeneticTesting2.pdf,0.6254947185516357
Case22,7,Ameriheath_Caritas_PA_ccp1121-genetic-testing-prostate-cancer-prognosis.pdf,0.6046571135520935
Case22,8,Capital Health Plan_BRCA.pdf,0.6440383195877075
Case22,9,CapitalBC_BRCA.pdf,0.6383717060089111
Case22,10,BCBS_FEP_20459 Genetic Testing for Developmental.pdf,0.5880281925201416
Case19255,1,BCBS_HW_GTM Genetic Testing for Breast, Ovarian, Pancreatic, and Prostate Cancers AHS–M2003 2025-0201.pdf,0.6899372339248657
Case19255,2,BCBS_FEP_20402 Germline Genetic Testing for.pdf,0.7270052433013916
Case19255,3,Blue Cross Idaho_02.04.002_08-29-24.pdf,0.6117792725563049
Case19255,4,Neighborhood Health Plan of Rhode island_GeneticTesting2.pdf,0.605027973651886
Case19255,5,Humana_Genetic Testing for Hereditary Breast, Ovarian, Pancreatic and Prostate Cancer - Commercial.pdf,0.6565515995025635
Case19255,6,Capital Health Plan_BRCA.pdf,0.7071599960327148
Case19255,7,CapitalBC_BRCA.pdf,0.6642009615898132
Case19255,8,BCBS_HW_GTM General Genetic Testing - Germline Disorders AHS-M2145 2025-0201.pdf,0.6219269037246704
Case19255,9,BCBS_MN_VI-16-014.pdf,0.7295799255371094
Case19255,10,Ameriheath_Caritas_PA_ccp1121-genetic-testing-prostate-cancer-prognosis.pdf,0.6155139207839966
Case15458,1,BCBS_FEP_20402 Germline Genetic Testing for.pdf,0.7295054197311401
Case15458,2,BCBS_HW_GTM Genetic Testing for Breast, Ovarian, Pancreatic, and Prostate Cancers AHS–M2003 2025-0201.pdf,0.6781191825866699
Case15458,3,BCBS_HW_GTM General Genetic Testing - Germline Disorders AHS-M2145 2025-0201.pdf,0.6038320660591125
Case15458,4,BCBS_MN_VI-16-014.pdf,0.6611167192459106
Case15458,5,Cigna_MOL.TS_.238.A_BRCA_Analysis_eff01.01.2025_pub09.10.2024_1.pdf,0.5854929685592651
Case15458,6,CapitalBC_BRCA.pdf,0.6148808002471924
Case15458,7,Capital Health Plan_BRCA.pdf,0.7224856615066528
Case15458,8,Neighborhood Health Plan of Rhode island_GeneticTesting2.pdf,0.6367710828781128
Case15458,9,AetnaBetterHealth_Louisiana_BRCA_Genetic_Testing_and_Counseling.pdf,0.5701735019683838
Case15458,10,BCBS_FEP_204101 Genetic Testing for Li Fraumeni.pdf,0.6027334928512573
Case6867,1,BCBS_FEP_20402 Germline Genetic Testing for.pdf,0.6978790163993835
Case6867,2,BCBS_HW_GTM Genetic Testing for Breast, Ovarian, Pancreatic, and Prostate Cancers AHS–M2003 2025-0201.pdf,0.6695566177368164
Case6867,3,BCBS_HW_GTM General Genetic Testing - Germline Disorders AHS-M2145 2025-0201.pdf,0.5698717832565308
Case6867,4,BCBS_MN_VI-16-014.pdf,0.6814222931861877
Case6867,5,Blue Cross Idaho_02.04.002_08-29-24.pdf,0.5617446303367615
Case6867,6,CapitalBC_BRCA.pdf,0.581520676612854
Case6867,7,Capital Health Plan_BRCA.pdf,0.7111724615097046
Case6867,8,Neighborhood Health Plan of Rhode island_GeneticTesting2.pdf,0.5920606851577759
Case6867,9,BCBS_FEP_204101 Genetic Testing for Li Fraumeni.pdf,0.5973415970802307
Case6867,10,BCBS_FEP_20436 Assays of Genetic Expression.pdf,0.5476517677307129
Case16126,1,BCBS_HW_GTM General Genetic Testing - Germline Disorders AHS-M2145 2025-0201.pdf,0.49453097581863403
Case16126,2,BCBS_FEP_20402 Germline Genetic Testing for.pdf,0.564703106880188
Case16126,3,BCBS_MN_VI-16-014.pdf,0.502900242805481
Case16126,4,Cigna_MOL.TS_.238.A_BRCA_Analysis_eff01.01.2025_pub09.10.2024_1.pdf,0.5826504230499268
Case16126,5,BCBS_HW_GTM Genetic Testing for Breast, Ovarian, Pancreatic, and Prostate Cancers AHS–M2003 2025-0201.pdf,0.49253472685813904
Case16126,6,Capital Health Plan_BRCA.pdf,0.5716555714607239
Case16126,7,Neighborhood Health Plan of Rhode island_GeneticTesting2.pdf,0.5889503955841064
Case16126,8,Neighborhood Health Plan of Rhode island_GeneticTesting.pdf,0.5002672076225281
Case16126,9,Oklahoma Medicaid_Genetic Molecular Pathology Guideline 3-7-2023.pdf,0.49520161747932434
Case16126,10,AetnaBetterHealth_Louisiana_BRCA_Genetic_Testing_and_Counseling.pdf,0.5181049704551697
Case2211,1,BCBS_HW_GTM General Genetic Testing - Germline Disorders AHS-M2145 2025-0201.pdf,0.6678524017333984
Case2211,2,Capital Health Plan_BRCA.pdf,0.7698442935943604
Case2211,3,CapitalBC_BRCA.pdf,0.6611753106117249
Case2211,4,BCBS_MN_VI-16-014.pdf,0.7188599109649658
Case2211,5,BCBS_FEP_204101 Genetic Testing for Li Fraumeni.pdf,0.6508996486663818
Case2211,6,BCBS_HW_GTM Genetic Testing for Breast, Ovarian, Pancreatic, and Prostate Cancers AHS–M2003 2025-0201.pdf,0.7115958333015442
Case2211,7,Neighborhood Health Plan of Rhode island_GeneticTesting2.pdf,0.6580125093460083
Case2211,8,Cigna_MOL.TS_.238.A_BRCA_Analysis_eff01.01.2025_pub09.10.2024_1.pdf,0.6115809082984924
Case2211,9,BCBS_FEP_204154 Germline Genetic Testing for Hereditary.pdf,0.6240301132202148
Case2211,10,BCBS_FEP_20402 Germline Genetic Testing for.pdf,0.7582659721374512
Case14408,1,BCBS_FEP_20402 Germline Genetic Testing for.pdf,0.6513389348983765
Case14408,2,CapitalBC_BRCA.pdf,0.5658770799636841
Case14408,3,BCBS_HW_GTM Genetic Testing for Breast, Ovarian, Pancreatic, and Prostate Cancers AHS–M2003 2025-0201.pdf,0.6107769012451172
Case14408,4,BCBS_MN_VI-16-014.pdf,0.6676019430160522
Case14408,5,Ameriheath_Caritas_PA_ccp1235-genetic-testing-hereditary-cancer-susceptibility.pdf,0.5512517094612122
Case14408,6,BCBS_HW_GTM General Genetic Testing - Germline Disorders AHS-M2145 2025-0201.pdf,0.595055103302002
Case14408,7,Neighborhood Health Plan of Rhode island_GeneticTesting2.pdf,0.6234042048454285
Case14408,8,Capital Health Plan_BRCA.pdf,0.6991700530052185
Case14408,9,Oklahoma Medicaid_Genetic Molecular Pathology Guideline 3-7-2023.pdf,0.5489450693130493
Case14408,10,BCBS_FEP_204101 Genetic Testing for Li Fraumeni.pdf,0.5674761533737183
Case16246,1,BCBS_HW_GTM Genetic Testing for Breast, Ovarian, Pancreatic, and Prostate Cancers AHS–M2003 2025-0201.pdf,0.6505851745605469
Case16246,2,BCBS_FEP_20402 Germline Genetic Testing for.pdf,0.6984229683876038
Case16246,3,Capital Health Plan_BRCA.pdf,0.6996330618858337
Case16246,4,CapitalBC_BRCA.pdf,0.6295292377471924
Case16246,5,Humana_Genetic Testing for Hereditary Breast, Ovarian, Pancreatic and Prostate Cancer - Commercial.pdf,0.6112880706787109
Case16246,6,BCBS_MN_VI-16-014.pdf,0.6763274669647217
Case16246,7,BCBS_HW_GTM General Genetic Testing - Germline Disorders AHS-M2145 2025-0201.pdf,0.6121439337730408
Case16246,8,Oklahoma Medicaid_Genetic Molecular Pathology Guideline 3-7-2023.pdf,0.5711482167243958
Case16246,9,BCBS_FEP_204154 Germline Genetic Testing for Hereditary.pdf,0.5958011150360107
Case16246,10,BCBS_FEP_204101 Genetic Testing for Li Fraumeni.pdf,0.5997507572174072
Case2007,1,BCBS_FEP_20402 Germline Genetic Testing for.pdf,0.670287549495697
Case2007,2,BCBS_FEP_204126 Germline Genetic Testing for Gene.pdf,0.5913034081459045
Case2007,3,BCBS_HW_GTM Genetic Testing for Breast, Ovarian, Pancreatic, and Prostate Cancers AHS–M2003 2025-0201.pdf,0.6359490752220154
Case2007,4,BCBS_HW_GTM General Genetic Testing - Germline Disorders AHS-M2145 2025-0201.pdf,0.5773187279701233
Case2007,5,BCBS_MN_VI-16-014.pdf,0.6560994386672974
Case2007,6,Capital Health Plan_BRCA.pdf,0.67854905128479
Case2007,7,CapitalBC_BRCA.pdf,0.6080068349838257
Case2007,8,Neighborhood Health Plan of Rhode island_GeneticTesting2.pdf,0.6022334098815918
Case2007,9,BCBS_FEP_20436 Assays of Genetic Expression.pdf,0.5662311315536499
Case2007,10,BCBS_FEP_204101 Genetic Testing for Li Fraumeni.pdf,0.5943912267684937
Case15570,1,BCBS_FEP_20402 Germline Genetic Testing for.pdf,0.5601885914802551
Case15570,2,BCBS_FEP_204154 Germline Genetic Testing for Hereditary.pdf,0.5360251069068909
Case15570,3,BCBS_FEP_204101 Genetic Testing for Li Fraumeni.pdf,0.5339440703392029
Case15570,4,BCBS_HW_GTM General Genetic Testing - Germline Disorders AHS-M2145 2025-0201.pdf,0.5345768928527832
Case15570,5,BCBS_HW_GTM Genetic Testing for Inherited Cardiomyopathies and Channelopathies AHS-M2025 2023-0601_v2.pdf,0.5231658220291138
Case15570,6,Neighborhood Health Plan of Rhode island_GeneticTesting2.pdf,0.5864719748497009
Case15570,7,Neighborhood Health Plan of Rhode island_GeneticTesting.pdf,0.5306029319763184
Case15570,8,Capital Health Plan_BRCA.pdf,0.5647892951965332
Case15570,9,AetnaBetterHealth_Louisiana_BRCA_Genetic_Testing_and_Counseling.pdf,0.5353811979293823
Case15570,10,Cigna_MOL.TS_.238.A_BRCA_Analysis_eff01.01.2025_pub09.10.2024_1.pdf,0.5566953420639038
Case6478,1,BCBS_FEP_20402 Germline Genetic Testing for.pdf,0.670136034488678
Case6478,2,BCBS_HW_GTM Genetic Testing for Breast, Ovarian, Pancreatic, and Prostate Cancers AHS–M2003 2025-0201.pdf,0.6433542966842651
Case6478,3,Ameriheath_Caritas_PA_ccp1121-genetic-testing-prostate-cancer-prognosis.pdf,0.6368545293807983
Case6478,4,BCBS_HW_GTM General Genetic Testing - Germline Disorders AHS-M2145 2025-0201.pdf,0.6235706806182861
Case6478,5,Neighborhood Health Plan of Rhode island_GeneticTesting2.pdf,0.6043607592582703
Case6478,6,Capital Health Plan_BRCA.pdf,0.671165943145752
Case6478,7,CapitalBC_BRCA.pdf,0.6275738477706909
Case6478,8,BCBS_MN_VI-16-014.pdf,0.6311367750167847
Case6478,9,BCBS_FEP_20493 Genetic Cancer Susceptibility.pdf,0.5919811725616455
Case6478,10,BCBS_FEP_204101 Genetic Testing for Li Fraumeni.pdf,0.6230185627937317
Case3677,1,BCBS_FEP_20402 Germline Genetic Testing for.pdf,0.668473482131958
Case3677,2,BCBS_HW_GTM Genetic Testing for Breast, Ovarian, Pancreatic, and Prostate Cancers AHS–M2003 2025-0201.pdf,0.6346480846405029
Case3677,3,Humana_Genetic Testing for Hereditary Breast, Ovarian, Pancreatic and Prostate Cancer - Commercial.pdf,0.6039367318153381
Case3677,4,Neighborhood Health Plan of Rhode island_GeneticTesting2.pdf,0.5979125499725342
Case3677,5,BCBS_MN_VI-16-014.pdf,0.6595653295516968
Case3677,6,Capital Health Plan_BRCA.pdf,0.6507402658462524
Case3677,7,CapitalBC_BRCA.pdf,0.6255784034729004
Case3677,8,BCBS_HW_GTM General Genetic Testing - Germline Disorders AHS-M2145 2025-0201.pdf,0.6107045412063599
Case3677,9,BCBS_FEP_204148 Germline Genetic Testing for Pancreatic.pdf,0.6125112771987915
Case3677,10,BCBS_FEP_204154 Germline Genetic Testing for Hereditary.pdf,0.5973833799362183
Case3581,1,Cigna_MOL.TS_.238.A_BRCA_Analysis_eff01.01.2025_pub09.10.2024_1.pdf,0.6045138835906982
Case3581,2,BCBS_HW_GTM Genetic Testing for Breast, Ovarian, Pancreatic, and Prostate Cancers AHS–M2003 2025-0201.pdf,0.5333480834960938
Case3581,3,BCBS_FEP_20402 Germline Genetic Testing for.pdf,0.5842069387435913
Case3581,4,Capital Health Plan_BRCA.pdf,0.6367108225822449
Case3581,5,BCBS_HW_GTM General Genetic Testing - Germline Disorders AHS-M2145 2025-0201.pdf,0.565700352191925
Case3581,6,BCBS_MN_VI-16-014.pdf,0.5542885661125183
Case3581,7,Neighborhood Health Plan of Rhode island_GeneticTesting2.pdf,0.6342898011207581
Case3581,8,Neighborhood Health Plan of Rhode island_GeneticTesting.pdf,0.51628577709198
Case3581,9,Oklahoma Medicaid_Genetic Molecular Pathology Guideline 3-7-2023.pdf,0.5313118100166321
Case3581,10,BCBS_HW_GTM Genetic Testing for Inherited Cardiomyopathies and Channelopathies AHS-M2025 2023-0601_v2.pdf,0.5113108158111572
Case15202,1,BCBS_FEP_20402 Germline Genetic Testing for.pdf,0.6244988441467285
Case15202,2,BCBS_HW_GTM Genetic Testing for Breast, Ovarian, Pancreatic, and Prostate Cancers AHS–M2003 2025-0201.pdf,0.6231752634048462
Case15202,3,BCBS_HW_GTM General Genetic Testing - Germline Disorders AHS-M2145 2025-0201.pdf,0.5407874584197998
Case15202,4,BCBS_MN_VI-16-014.pdf,0.6268494725227356
Case15202,5,CapitalBC_BRCA.pdf,0.5249127149581909
Case15202,6,Capital Health Plan_BRCA.pdf,0.6369504928588867
Case15202,7,Humana_Genetic Testing for Hereditary Breast, Ovarian, Pancreatic and Prostate Cancer - Commercial.pdf,0.5227242708206177
Case15202,8,Neighborhood Health Plan of Rhode island_GeneticTesting2.pdf,0.6231001615524292
Case15202,9,Oklahoma Medicaid_Genetic Molecular Pathology Guideline 3-7-2023.pdf,0.516292154788971
Case15202,10,BCBS_FEP_204101 Genetic Testing for Li Fraumeni.pdf,0.5823615789413452
Case18257,1,BCBS_HW_GTM Genetic Testing for Breast, Ovarian, Pancreatic, and Prostate Cancers AHS–M2003 2025-0201.pdf,0.6768357753753662
Case18257,2,BCBS_FEP_204126 Germline Genetic Testing for Gene.pdf,0.6617335081100464
Case18257,3,Humana_Genetic Testing for Hereditary Breast, Ovarian, Pancreatic and Prostate Cancer - Commercial.pdf,0.6299325227737427
Case18257,4,BCBS_FEP_20402 Germline Genetic Testing for.pdf,0.716259241104126
Case18257,5,Capital Health Plan_BRCA.pdf,0.6988554000854492
Case18257,6,CapitalBC_BRCA.pdf,0.6677441596984863
Case18257,7,Neighborhood Health Plan of Rhode island_GeneticTesting2.pdf,0.664425790309906
Case18257,8,BCBS_HW_GTM General Genetic Testing - Germline Disorders AHS-M2145 2025-0201.pdf,0.6372261047363281
Case18257,9,BCBS_MN_VI-16-014.pdf,0.7257594466209412
Case18257,10,BCBS_FEP_204101 Genetic Testing for Li Fraumeni.pdf,0.6183305978775024
Case12792,1,BCBS_FEP_20402 Germline Genetic Testing for.pdf,0.5339933633804321
Case12792,2,Neighborhood Health Plan of Rhode island_GeneticTesting2.pdf,0.55802321434021
Case12792,3,Capital Health Plan_BRCA.pdf,0.5193547010421753
Case12792,4,Cigna_MOL.TS_.238.A_BRCA_Analysis_eff01.01.2025_pub09.10.2024_1.pdf,0.5123533010482788
Case12792,5,Oklahoma Medicaid_Genetic Molecular Pathology Guideline 3-7-2023.pdf,0.5232635736465454
Case12792,6,Blue Shield of California_Blue Shield of California Promise Health Plan_Genetic-Test-Gastroenterologic-Disorders.pdf,0.48859262466430664
Case12792,7,BCBS_FEP_204101 Genetic Testing for Li Fraumeni.pdf,0.4845501184463501
Case12792,8,Cigna_MOL.TS_.302.A_SPRED1_Legius_Syndrome_Genetic_Testing_eff01.01.2025_pub09.10.2024_1.pdf,0.5054558515548706
Case12792,9,Cigna_MOL.CU_.112.A_Genetic_Testing_for_Prenatal_Screening_and_Diagnostic_Testing_eff01.01.2025_09.12.2024_0.pdf,0.49717774987220764
Case12792,10,Oregon Medicaaid_Prioritized-List-Prenatal-Genetic-Testing.pdf,0.5079427361488342
Case14226,1,Cigna_MOL.TS_.238.A_BRCA_Analysis_eff01.01.2025_pub09.10.2024_1.pdf,0.6380431056022644
Case14226,2,BCBS_HW_GTM Genetic Testing for Breast, Ovarian, Pancreatic, and Prostate Cancers AHS–M2003 2025-0201.pdf,0.6624113321304321
Case14226,3,BCBS_FEP_20402 Germline Genetic Testing for.pdf,0.6570334434509277
Case14226,4,CapitalBC_BRCA.pdf,0.5885454416275024
Case14226,5,Capital Health Plan_BRCA.pdf,0.6785886287689209
Case14226,6,Neighborhood Health Plan of Rhode island_GeneticTesting2.pdf,0.6376511454582214
Case14226,7,AetnaBetterHealth_Louisiana_BRCA_Genetic_Testing_and_Counseling.pdf,0.5397238731384277
Case14226,8,BCBS_HW_GTM General Genetic Testing - Germline Disorders AHS-M2145 2025-0201.pdf,0.6391937732696533
Case14226,9,BCBS_MN_VI-16-014.pdf,0.60265052318573
Case14226,10,BCBS_FEP_204101 Genetic Testing for Li Fraumeni.pdf,0.6229778528213501
Case5303,1,BCBS_HW_GTM General Genetic Testing - Germline Disorders AHS-M2145 2025-0201.pdf,0.5161021947860718
Case5303,2,Cigna_MOL.TS_.238.A_BRCA_Analysis_eff01.01.2025_pub09.10.2024_1.pdf,0.5622261762619019
Case5303,3,Ameriheath_Caritas_PA_ccp1235-genetic-testing-hereditary-cancer-susceptibility.pdf,0.477195680141449
Case5303,4,BCBS_HW_GTM Genetic Testing for Breast, Ovarian, Pancreatic, and Prostate Cancers AHS–M2003 2025-0201.pdf,0.4708212614059448
Case5303,5,BCBS_FEP_20402 Germline Genetic Testing for.pdf,0.5282307863235474
Case5303,6,Capital Health Plan_BRCA.pdf,0.6009063720703125
Case5303,7,BCBS_MN_VI-16-014.pdf,0.509395182132721
Case5303,8,Oklahoma Medicaid_Genetic Molecular Pathology Guideline 3-7-2023.pdf,0.5402580499649048
Case5303,9,Neighborhood Health Plan of Rhode island_GeneticTesting2.pdf,0.5839629173278809
Case5303,10,Asuris_Northwest_Health_Genetic Testing for Lynch Syndrome and APC-associated and MUTYH-associated Polyposis Syndromes.pdf,0.47258347272872925
Case2666,1,BCBS_FEP_20402 Germline Genetic Testing for.pdf,0.6770581603050232
Case2666,2,BCBS_HW_GTM Genetic Testing for Breast, Ovarian, Pancreatic, and Prostate Cancers AHS–M2003 2025-0201.pdf,0.592276394367218
Case2666,3,BCBS_HW_GTM General Genetic Testing - Germline Disorders AHS-M2145 2025-0201.pdf,0.5719568729400635
Case2666,4,BCBS_MN_VI-16-014.pdf,0.6254137754440308
Case2666,5,Blue Cross Idaho_02.04.002_08-29-24.pdf,0.6077176332473755
Case2666,6,CapitalBC_BRCA.pdf,0.5921131372451782
Case2666,7,Capital Health Plan_BRCA.pdf,0.6625570058822632
Case2666,8,Neighborhood Health Plan of Rhode island_GeneticTesting2.pdf,0.5979825258255005
Case2666,9,Oklahoma Medicaid_Genetic Molecular Pathology Guideline 3-7-2023.pdf,0.5855333209037781
Case2666,10,BCBS_FEP_204101 Genetic Testing for Li Fraumeni.pdf,0.5561926364898682
Case3592,1,Cigna_MOL.TS_.257.A_Epilepsy_Genetic_Testing_eff01.01.2025_09.12.2024_0.pdf,0.5307697057723999
Case3592,2,Cigna_MOL.TS_.269.A_Autism_eff01.01.2025_pub09.12.2024_0.pdf,0.5115523338317871
Case3592,3,BCBS_FEP_204109 Genetic Testing for Epilepsy.pdf,0.5952593684196472
Case3592,4,CapitalBC_medical-policy-genetic-testing-for-epilepsy.pdf,0.5811446309089661
Case3592,5,BCBS_FEP_20459 Genetic Testing for Developmental.pdf,0.6733447313308716
Case3592,6,HealthParners_prenatal diagnosis and pregnancy loss.pdf,0.4898010492324829
Case3592,7,Neighborhood Health Plan of Rhode island_GeneticTesting.pdf,0.5202640295028687
Case3592,8,Dean_HealthPlan_Prenatal-Diagnosis-Amnio-9576.pdf,0.5153745412826538
Case3592,9,Asuris_Northwest_Health_Conceptio_Pregnancy_Loss.pdf,0.5135928392410278
Case3592,10,Oregon Medicaaid_Prioritized-List-Prenatal-Genetic-Testing.pdf,0.49285098910331726
Case17595,1,BCBS_FEP_20459 Genetic Testing for Developmental.pdf,0.7067066431045532
Case17595,2,Cigna_MOL.TS_.269.A_Autism_eff01.01.2025_pub09.12.2024_0.pdf,0.5885895490646362
Case17595,3,BCBS_NE_V35.pdf,0.6237920522689819
Case17595,4,Dean_HealthPlan_Genetic-Testing-Hearing-Loss-9594.pdf,0.5916363000869751
Case17595,5,Sentara_Genetic Testing - Preconceptional-Prenatal-Preimplantation Commerical - Medical 34D.pdf,0.5613016486167908
Case17595,6,Sentara_Genetic Testing - Preconceptional-Prenatal-Preimplantation Medicare - Medical 34D.pdf,0.5613016486167908
Case17595,7,Sentara_Genetic Testing - Preconceptional-Prenatal-Preimplantation Medicaid - Medical 34D.pdf,0.5476014614105225
Case17595,8,Neighborhood Health Plan of Rhode island_GeneticTesting.pdf,0.5749697685241699
Case17595,9,Neighborhood Health Plan of Rhode island_GeneticTesting2.pdf,0.553398847579956
Case17595,10,Asuris_Northwest_Health_Conceptio_Pregnancy_Loss.pdf,0.5528498888015747
Case5834,1,BCBS_FEP_20459 Genetic Testing for Developmental.pdf,0.6503360271453857
Case5834,2,Highmark_Delaware.pdf,0.5800655484199524
Case5834,3,Oklahoma Medicaid_Genetic Molecular Pathology Guideline 3-7-2023.pdf,0.6024216413497925
Case5834,4,Neighborhood Health Plan of Rhode island_GeneticTesting.pdf,0.6161016821861267
Case5834,5,Neighborhood Health Plan of Rhode island_GeneticTesting2.pdf,0.6052018404006958
Case5834,6,Blue Cross Idaho_02.04.107_09-26-24.pdf,0.5910631418228149
Case5834,7,Blue Cross Idaho_02.04.126_08-29-24.pdf,0.5750831961631775
Case5834,8,BCBS_MN_VI-16-014.pdf,0.6170440316200256
Case5834,9,Ameriheath_Caritas_PA_ccp1235-genetic-testing-hereditary-cancer-susceptibility.pdf,0.5777374505996704
Case5834,10,CapitalBC_BRCA.pdf,0.6092437505722046
Case15820,1,BCBS_FEP_20459 Genetic Testing for Developmental.pdf,0.5833250284194946
Case15820,2,Neighborhood Health Plan of Rhode island_GeneticTesting.pdf,0.5871889591217041
Case15820,3,Neighborhood Health Plan of Rhode island_GeneticTesting2.pdf,0.6029402613639832
Case15820,4,BCBS_FEP_20402 Germline Genetic Testing for.pdf,0.5993536710739136
Case15820,5,Humana_Genetic Testing for Hereditary Breast, Ovarian, Pancreatic and Prostate Cancer - Commercial.pdf,0.6084572076797485
Case15820,6,CapitalBC_BRCA.pdf,0.6309409141540527
Case15820,7,BCBS_FEP_204126 Germline Genetic Testing for Gene.pdf,0.6320481300354004
Case15820,8,BCBS_MN_VI-16-014.pdf,0.6305952072143555
Case15820,9,BCBS_HW_GTM Lynch Syndrome AHS–M2004 2025-0201.pdf,0.5883215069770813
Case15820,10,Asuris_Northwest_Health_Conceptio_Pregnancy_Loss.pdf,0.5989431142807007
Case17929,1,BCBS_FEP_20459 Genetic Testing for Developmental.pdf,0.597353458404541
Case17929,2,BCBS_HW_GTM General Genetic Testing - Germline Disorders AHS-M2145 2025-0201.pdf,0.5633413195610046
Case17929,3,Oklahoma Medicaid_Genetic Molecular Pathology Guideline 3-7-2023.pdf,0.5517221093177795
Case17929,4,Neighborhood Health Plan of Rhode island_GeneticTesting2.pdf,0.6331288814544678
Case17929,5,Asuris_Northwest_Health_Conceptio_Pregnancy_Loss.pdf,0.5457741022109985
Case17929,6,BCBS_FEP_20402 Germline Genetic Testing for.pdf,0.5696810483932495
Case17929,7,BCBS_FEP_204154 Germline Genetic Testing for Hereditary.pdf,0.5353423357009888
Case17929,8,Capital Health Plan_BRCA.pdf,0.5617414712905884
Case17929,9,CapitalBC_BRCA.pdf,0.5336474776268005
Case17929,10,Cigna_MOL.TS_.238.A_BRCA_Analysis_eff01.01.2025_pub09.10.2024_1.pdf,0.546029269695282
Case17196,1,BCBS_FEP_20459 Genetic Testing for Developmental.pdf,0.6336268186569214
Case17196,2,Oklahoma Medicaid_Genetic Molecular Pathology Guideline 3-7-2023.pdf,0.5150130987167358
Case17196,3,Blue Cross Idaho_02.04.107_09-26-24.pdf,0.5096062421798706
Case17196,4,Cigna_MOL.TS_.306.C_Whole_Genome_Sequencing_Cigna_eff01.01.2025_pub09.10.2024.pdf,0.5038912892341614
Case17196,5,Neighborhood Health Plan of Rhode island_GeneticTesting.pdf,0.5624409914016724
Case17196,6,Neighborhood Health Plan of Rhode island_GeneticTesting2.pdf,0.526425302028656
Case17196,7,Sentara_Genetic Testing - Preconceptional-Prenatal-Preimplantation Commerical - Medical 34D.pdf,0.5290406942367554
Case17196,8,Sentara_Genetic Testing - Preconceptional-Prenatal-Preimplantation Medicare - Medical 34D.pdf,0.5290406942367554
Case17196,9,Sentara_Genetic Testing - Preconceptional-Prenatal-Preimplantation Medicaid - Medical 34D.pdf,0.5328824520111084
Case17196,10,Asuris_Northwest_Health_Conceptio_Pregnancy_Loss.pdf,0.517636775970459
Case11855,1,BCBS_FEP_20459 Genetic Testing for Developmental.pdf,0.6473069190979004
Case11855,2,Oklahoma Medicaid_Genetic Molecular Pathology Guideline 3-7-2023.pdf,0.6044062972068787
Case11855,3,Neighborhood Health Plan of Rhode island_GeneticTesting.pdf,0.6502549052238464
Case11855,4,Neighborhood Health Plan of Rhode island_GeneticTesting2.pdf,0.6956954002380371
Case11855,5,BCBS_MN_VI-16-014.pdf,0.6355293393135071
Case11855,6,BCBS_HW_GTM Genetic Testing for FMR1 Mutations AHS-M2028 2023-0601_v2.pdf,0.6214194297790527
Case11855,7,Ameriheath_Caritas_PA_ccp1235-genetic-testing-hereditary-cancer-susceptibility.pdf,0.6021507978439331
Case11855,8,BCBS_FEP_204126 Germline Genetic Testing for Gene.pdf,0.6105266213417053
Case11855,9,CapitalBC_BRCA.pdf,0.6090514659881592
Case11855,10,Asuris_Northwest_Health_Conceptio_Pregnancy_Loss.pdf,0.6345291137695312
Case12834,1,BCBS_FEP_20459 Genetic Testing for Developmental.pdf,0.6333904266357422
Case12834,2,BCBS_FEP_20483 Genetic Testing for FMR1.pdf,0.5441100597381592
Case12834,3,Oklahoma Medicaid_Genetic Molecular Pathology Guideline 3-7-2023.pdf,0.5341823101043701
Case12834,4,HealthParners_prenatal and preconception carrier screening.pdf,0.5307988524436951
Case12834,5,Neighborhood Health Plan of Rhode island_GeneticTesting2.pdf,0.5921765565872192
Case12834,6,Neighborhood Health Plan of Rhode island_GeneticTesting.pdf,0.5799915194511414
Case12834,7,CapitalBC_medical-policy-genetic-testing-for-neurofibromatosis.pdf,0.5327103734016418
Case12834,8,Ameriheath_Caritas_PA_ccp1235-genetic-testing-hereditary-cancer-susceptibility.pdf,0.5520711541175842
Case12834,9,Asuris_Northwest_Health_Connective Tissue.pdf,0.5455228090286255
Case12834,10,Asuris_Northwest_Health_Conceptio_Pregnancy_Loss.pdf,0.5488096475601196
Case10075,1,BCBS_FEP_20459 Genetic Testing for Developmental.pdf,0.6063765287399292
Case10075,2,BCBS_FEP_204107 Carrier Screening for Genetic.pdf,0.5195000171661377
Case10075,3,Cigna_MOL.TS_.269.A_Autism_eff01.01.2025_pub09.12.2024_0.pdf,0.519341230392456
Case10075,4,Blue Shield of California_Blue Shield of California Promise Health Plan_Genetic-Test-Gastroenterologic-Disorders.pdf,0.5721964836120605
Case10075,5,HealthParners_gastroenterologic.pdf,0.4996294379234314
Case10075,6,Neighborhood Health Plan of Rhode island_GeneticTesting2.pdf,0.5035737156867981
Case10075,7,Blue Cross Idaho_02.04.107_09-26-24.pdf,0.5394278764724731
Case10075,8,Cigna_MOL.CU_.112.A_Genetic_Testing_for_Prenatal_Screening_and_Diagnostic_Testing_eff01.01.2025_09.12.2024_0.pdf,0.5247262120246887
Case10075,9,Oregon Medicaaid_Prioritized-List-Prenatal-Genetic-Testing.pdf,0.5263880491256714
Case10075,10,Amerihealth_Caritas_NH_ccp1050-familial-polyposis-gene-testing.pdf,0.5055038928985596
Case9773,1,BCBS_FEP_20459 Genetic Testing for Developmental.pdf,0.7067110538482666
Case9773,2,BCBS_MN_VI-09-015.pdf,0.5826689004898071
Case9773,3,BCBS_MN_VI-16-014.pdf,0.5821082592010498
Case9773,4,Neighborhood Health Plan of Rhode island_GeneticTesting.pdf,0.6580901741981506
Case9773,5,Neighborhood Health Plan of Rhode island_GeneticTesting2.pdf,0.6296751499176025
Case9773,6,Blue Cross Idaho_02.04.043_01-30-25.pdf,0.5814546942710876
Case9773,7,Blue Cross Idaho_02.04.107_09-26-24.pdf,0.571410059928894
Case9773,8,Dean_HealthPlan_Genetic-Testing-Hematologic-9595.pdf,0.589152455329895
Case9773,9,Oklahoma Medicaid_Genetic Molecular Pathology Guideline 3-7-2023.pdf,0.6014134883880615
Case9773,10,Asuris_Northwest_Health_Conceptio_Pregnancy_Loss.pdf,0.5919003486633301
